,level_0,index,year,state,code,christianity_protestant,christianity_romancatholic,christianity_easternorthodox,christianity_anglican,christianity_other,christianity_all,judaism_orthodox,judaism_conservative,judaism_reform,judaism_other,judaism_all,islam_sunni,islam_shi’a,islam_ibadhi,islam_nationofislam,islam_alawite,islam_ahmadiyya,islam_other,islam_all,buddhism_mahayana,buddhism_theravada,buddhism_other,buddhism_all,zoroastrianism_all,hinduism_all,sikhism_all,shinto_all,baha’i_all,taoism_all,jainism_all,confucianism_all,syncretism_all,animism_all,noreligion_all,otherreligion_all,religion_all,population,protestant_percent,romancatholic_percent,easternorthodox_percent,anglican_percent,otherchristianity_percent,christianity_percent,orthodox_percent,conservative_percent,reform_percent,otherjudaism_percent,judaism_percent,sunni_percent,shi’a_percent,ibadhi_percent,nationofislam_percent,alawite_percent,ahmadiyya_percent,otherislam_percent,islam_percent,mahayana_percent,theravada_percent,otherbuddhism_percent,buddhism_percent,zoroastrianism_percent,hinduism_percent,sikhism_percent,shinto_percent,baha’i_percent,taoism_percent,jainism_percent,confucianism_percent,syncretism_percent,animism_percent,noreligion_percent,otherreligion_percent,religion_sumpercent,total_percent,dual_religion,source_code,majority_religion
0,0,13,2010,United States of America,USA,119755961,78397889,7036875,4847625,23072957,233111307,1051778,1747021,2436322.0,707127,5942248,2476980,337770,0,0,0,0,0.0,2814750,908236,0,2502000,3410236,1644887,1797698,406908,156375,482784,11768,83984,91591,803181,1773577,59422500,796206,311953794,312750000,0.3829,0.2507,0.0225,0.0155,0.0738,0.7454,0.0034,0.0056,0.0078,0.0023,0.019,0.0079,0.0011,0.0,0,0.0,0.0,0.0,0.009000000000000001,0.0029,0.0,0.008,0.0109,0.0053,0.0057,0.0013,0.0005,0.0015,0.0,0.0003,0.0003,0.0026,0.0057,0.19,0.0025,0.9975,1.0,0,25,christianity
1,1,27,2010,Canada,CAN,7929127,14497030,785000,2722447,497500,26431104,68061,119107,51045.0,102091,340304,600000,70000,0,0,0,0,0.0,670000,0,0,670000,670000,6130,275000,275000,915,18945,3620,3320,2700,27000,70861,5670000,35101,34464899,34500000,0.2298,0.4202,0.0228,0.0789,0.0144,0.7661,0.002,0.0035,0.0015,0.003,0.0099,0.0174,0.002,0.0,0,0.0,0.0,0.0,0.0194,0.0,0.0,0.0194,0.0194,0.0002,0.008,0.008,0.0,0.0005,0.0001,0.0001,0.0001,0.0008,0.0021,0.1643,0.001,0.9990000000000001,1.0,0,26,christianity
2,2,35,2010,Bahamas,BHM,211798,43863,0,46996,0,302657,0,0,0.0,305,305,0,0,0,0,0,0,0.0,0,0,0,0,0,0,0,0,0,0,93,0,0,0,1018,9086,153,313159,313312,0.6759999999999999,0.14,0.0,0.15,0.0,0.966,0.0,0.0,0.0,0.001,0.001,0.0,0.0,0.0,0,0.0,0.0,0.0,0.0,0.0,0.0,0.0,0.0,0.0,0.0,0.0,0.0,0.0,0.0003,0.0,0.0,0.0,0.0032,0.028999999999999998,0.0005,0.9995,1.0,0,83,christianity
3,3,49,2010,Cuba,CUB,550000,6744696,0,0,112411,7407107,0,0,0.0,1500,1500,0,0,0,0,0,0,8000.0,8000,0,0,0,0,0,25000,0,0,0,0,0,0,5620580,0,1478290,0,14540477,11241161,0.0489,0.6,0.0,0.0,0.01,0.6589,0.0,0.0,0.0,0.0001,0.0001,0.0,0.0,0.0,0,0.0,0.0,0.0007,0.0007,0.0,0.0,0.0,0.0,0.0,0.0022,0.0,0.0,0.0,0.0,0.0,0.0,0.5,0.0,0.1315,0.0,1.2935,1.2934,1,78,christianity
4,4,63,2010,Haiti,HAI,976083,7027799,0,0,0,8003882,0,0,0.0,120,120,0,0,0,0,0,0,1750.0,1750,0,0,0,0,0,0,0,0,8527,0,0,0,4392374,0,976083,0,13382736,9760832,0.1,0.72,0.0,0.0,0.0,0.82,0.0,0.0,0.0,0.0,0.0,0.0,0.0,0.0,0,0.0,0.0,0.0002,0.0002,0.0,0.0,0.0,0.0,0.0,0.0,0.0,0.0,0.0009,0.0,0.0,0.0,0.45,0.0,0.1,0.0,1.3711,1.3711,1,1,christianity
5,5,77,2010,Dominican Republic,DOM,1493497,7168786,0,0,0,8662283,0,0,0.0,100,100,0,0,0,0,0,0,0.0,0,0,0,0,0,0,0,0,0,0,0,0,0,0,0,1194797,99468,9857180,9956648,0.15,0.72,0.0,0.0,0.0,0.87,0.0,0.0,0.0,0.0,0.0,0.0,0.0,0.0,0,0.0,0.0,0.0,0.0,0.0,0.0,0.0,0.0,0.0,0.0,0.0,0.0,0.0,0.0,0.0,0.0,0.0,0.0,0.12,0.01,0.99,1.0,0,78,christianity
6,6,88,2010,Jamaica,JAM,1736000,58000,0,75000,105000,1974000,0,0,0.0,531,531,0,0,0,0,0,0,1513.0,1513,0,0,322,322,0,15961,0,0,209,0,0,0,0,0,572000,304094,2564536,2868630,0.6052,0.0202,0.0,0.0261,0.0366,0.6881,0.0,0.0,0.0,0.0002,0.0002,0.0,0.0,0.0,0,0.0,0.0,0.0005,0.0005,0.0,0.0,0.0001,0.0001,0.0,0.0056,0.0,0.0,0.0001,0.0,0.0,0.0,0.0,0.0,0.1994,0.106,0.894,1.0,0,80,christianity
7,7,99,2010,Trinidad and Tobago,TRI,365100,285670,3500,75000,0,729270,0,0,0.0,0,0,0,0,0,0,0,0,65700.0,65700,0,0,0,0,0,240100,0,0,0,0,0,0,0,0,175640,94290,1210710,1305000,0.2798,0.2189,0.0027,0.0575,0.0,0.5588,0.0,0.0,0.0,0.0,0.0,0.0,0.0,0.0,0,0.0,0.0,0.0503,0.0503,0.0,0.0,0.0,0.0,0.0,0.184,0.0,0.0,0.0,0.0,0.0,0.0,0.0,0.0,0.1346,0.0723,0.9277,1.0,0,81,christianity
8,8,108,2010,Barbados,BAR,101335,11464,0,72957,0,185756,0,0,0.0,30,30,0,0,0,0,0,0,2300.0,2300,0,0,120,120,0,1200,0,0,0,0,0,0,0,0,59184,40115,248590,288705,0.35100000000000003,0.0397,0.0,0.2527,0.0,0.6434,0.0,0.0,0.0,0.0001,0.0001,0.0,0.0,0.0,0,0.0,0.0,0.008,0.008,0.0,0.0,0.0004,0.0004,0.0,0.0042,0.0,0.0,0.0,0.0,0.0,0.0,0.0,0.0,0.205,0.1389,0.8611,1.0,0,1,christianity
9,9,115,2010,Dominica,DMA,10950,56210,0,0,0,67160,0,0,0.0,0,0,0,0,0,0,0,0,0.0,0,0,0,0,0,0,0,0,0,0,0,0,0,0,0,4380,1460,71540,73000,0.15,0.77,0.0,0.0,0.0,0.92,0.0,0.0,0.0,0.0,0.0,0.0,0.0,0.0,0,0.0,0.0,0.0,0.0,0.0,0.0,0.0,0.0,0.0,0.0,0.0,0.0,0.0,0.0,0.0,0.0,0.0,0.0,0.06,0.02,0.98,1.0,0,78,christianity
10,10,123,2010,Grenada,GRN,23852,54209,0,16262,0,94323,0,0,0.0,0,0,0,0,0,0,0,0,526.0,526,0,0,0,0,0,263,0,0,157,0,0,0,0,0,5217,7933,100486,108419,0.22,0.5,0.0,0.15,0.0,0.87,0.0,0.0,0.0,0.0,0.0,0.0,0.0,0.0,0,0.0,0.0,0.0049,0.0049,0.0,0.0,0.0,0.0,0.0,0.0024,0.0,0.0,0.0014,0.0,0.0,0.0,0.0,0.0,0.0481,0.0732,0.9268,1.0,0,83,christianity
11,11,130,2010,St. Lucia,SLU,44116,100204,0,2624,4239,151183,0,0,0.0,0,0,0,0,0,0,0,0,164.0,164,0,0,0,0,0,492,0,0,0,0,0,0,0,0,9676,2485,161515,164000,0.26899999999999996,0.611,0.0,0.016,0.0258,0.9218,0.0,0.0,0.0,0.0,0.0,0.0,0.0,0.0,0,0.0,0.0,0.001,0.001,0.0,0.0,0.0,0.0,0.0,0.003,0.0,0.0,0.0,0.0,0.0,0.0,0.0,0.0,0.059000000000000004,0.0152,0.9848,1.0,0,73,christianity
12,12,137,2010,St. Vincent and the Grenadines,SVG,28288,63544,0,1664,0,93496,0,0,0.0,0,0,0,0,0,0,0,0,104.0,104,0,0,0,0,0,312,0,0,175,0,0,0,0,0,1976,7937,96063,104000,0.272,0.611,0.0,0.016,0.0,0.899,0.0,0.0,0.0,0.0,0.0,0.0,0.0,0.0,0,0.0,0.0,0.001,0.001,0.0,0.0,0.0,0.0,0.0,0.003,0.0,0.0,0.0017,0.0,0.0,0.0,0.0,0.0,0.019,0.0763,0.9237,1.0,0,1,christianity
13,13,144,2010,Antigua & Barbuda,AAB,43710,8690,4692,22333,0,79425,0,0,0.0,0,0,0,0,0,0,0,0,0.0,0,0,0,0,0,0,0,0,0,0,0,0,0,0,0,5127,2348,84552,86900,0.503,0.1,0.054000000000000006,0.257,0.0,0.914,0.0,0.0,0.0,0.0,0.0,0.0,0.0,0.0,0,0.0,0.0,0.0,0.0,0.0,0.0,0.0,0.0,0.0,0.0,0.0,0.0,0.0,0.0,0.0,0.0,0.0,0.0,0.059000000000000004,0.027000000000000003,0.973,1.0,0,99,christianity
14,14,150,2010,St. Kitts and Nevis,SKN,7500,12675,0,25350,0,45525,0,0,0.0,0,0,0,0,0,0,0,0,141.0,141,0,0,0,0,0,481,0,0,0,0,0,0,0,0,4500,53,50647,50700,0.1479,0.25,0.0,0.5,0.0,0.8979,0.0,0.0,0.0,0.0,0.0,0.0,0.0,0.0,0,0.0,0.0,0.0028,0.0028,0.0,0.0,0.0,0.0,0.0,0.0095,0.0,0.0,0.0,0.0,0.0,0.0,0.0,0.0,0.0888,0.001,0.9990000000000001,1.0,0,83,christianity
15,15,164,2010,Mexico,MEX,15886801,92924489,0,0,0,108811290,0,0,0.0,67476,67476,0,0,0,0,0,0,3760.0,3760,0,0,0,0,0,0,0,0,0,0,0,0,35995,27839,3052509,337669,111998869,112336538,0.1414,0.8272,0.0,0.0,0.0,0.9686,0.0,0.0,0.0,0.0006,0.0006,0.0,0.0,0.0,0,0.0,0.0,0.0,0.0,0.0,0.0,0.0,0.0,0.0,0.0,0.0,0.0,0.0,0.0,0.0,0.0,0.0003,0.0002,0.0272,0.003,0.997,0.9999,0,70,christianity
16,16,171,2010,Belize,BLZ,80829,123010,0,14016,6117,223972,0,0,0.0,0,0,0,0,0,0,0,0,577.0,577,0,0,757,757,0,612,0,0,202,0,0,0,0,0,47511,30475,273631,304106,0.2658,0.4045,0.0,0.0461,0.0201,0.7365,0.0,0.0,0.0,0.0,0.0,0.0,0.0,0.0,0,0.0,0.0,0.0019,0.0019,0.0,0.0,0.0025,0.0025,0.0,0.002,0.0,0.0,0.0007,0.0,0.0,0.0,0.0,0.0,0.1562,0.1002,0.8998,1.0,0,74,christianity
17,17,185,2010,Guatemala,GUA,5529785,7603454,0,0,0,13133239,0,0,0.0,2000,2000,2000,0,0,0,0,0,0.0,2000,0,0,0,0,0,0,0,0,0,0,0,0,0,2800,635050,49374,13775089,13824463,0.4,0.55,0.0,0.0,0.0,0.95,0.0,0.0,0.0,0.0001,0.0001,0.0001,0.0,0.0,0,0.0,0.0,0.0,0.0001,0.0,0.0,0.0,0.0,0.0,0.0,0.0,0.0,0.0,0.0,0.0,0.0,0.0,0.0002,0.0459,0.0036,0.9964,0.9999,0,83,christianity
18,18,199,2010,Honduras,HON,2560652,4561162,0,0,0,7121814,0,0,0.0,397,397,397,0,0,0,0,0,0.0,397,0,0,0,0,0,0,0,0,0,0,0,0,0,0,800203,79228,7922811,8002039,0.32,0.57,0.0,0.0,0.0,0.89,0.0,0.0,0.0,0.0,0.0,0.0,0.0,0.0,0,0.0,0.0,0.0,0.0,0.0,0.0,0.0,0.0,0.0,0.0,0.0,0.0,0.0,0.0,0.0,0.0,0.0,0.0,0.1,0.0099,0.9901,0.9999,0,83,christianity
19,19,213,2010,El Salvador,SAL,1990591,4219188,0,0,0,6209779,0,0,0.0,648,648,0,0,0,0,0,0,2027.0,2027,0,0,0,0,0,0,0,0,0,0,0,0,0,27500,800563,171771,7040517,7212288,0.276,0.585,0.0,0.0,0.0,0.861,0.0,0.0,0.0,0.0001,0.0001,0.0,0.0,0.0,0,0.0,0.0,0.0003,0.0003,0.0,0.0,0.0,0.0,0.0,0.0,0.0,0.0,0.0,0.0,0.0,0.0,0.0,0.0038,0.111,0.0238,0.9762,1.0,0,83,christianity
20,20,227,2010,Nicaragua,NIC,1350661,3798734,93149,0,0,5242544,0,0,0.0,0,0,0,0,0,0,0,0,1602.0,1602,0,0,0,0,0,0,0,0,0,0,0,0,0,0,523963,53706,5768109,5821815,0.23199999999999998,0.6525,0.016,0.0,0.0,0.9005,0.0,0.0,0.0,0.0,0.0,0.0,0.0,0.0,0,0.0,0.0,0.0003,0.0003,0.0,0.0,0.0,0.0,0.0,0.0,0.0,0.0,0.0,0.0,0.0,0.0,0.0,0.0,0.09,0.0092,0.9908,1.0,0,83,christianity
21,21,241,2010,Costa Rica,COS,453444,3471000,0,1297,0,3925741,0,0,0.0,3800,3800,0,0,0,0,0,0,0.0,0,0,0,1200,1200,0,558,0,0,0,0,0,0,35000,1250,445000,37451,4412549,4450000,0.1019,0.78,0.0,0.0003,0.0,0.8822,0.0,0.0,0.0,0.0009,0.0009,0.0,0.0,0.0,0,0.0,0.0,0.0,0.0,0.0,0.0,0.0003,0.0003,0.0,0.0001,0.0,0.0,0.0,0.0,0.0,0.0,0.0079,0.0003,0.1,0.0084,0.9916,1.0001,0,83,christianity
22,22,255,2010,Panama,PAN,805444,3361450,0,0,0,4166894,0,0,0.0,6590,6590,0,0,0,0,0,0,13181.0,13181,0,0,16233,16233,0,593,148,0,24856,0,0,0,3106,0,0,23399,4231601,4255000,0.1893,0.79,0.0,0.0,0.0,0.9793,0.0,0.0,0.0,0.0015,0.0015,0.0,0.0,0.0,0,0.0,0.0,0.0031,0.0031,0.0,0.0,0.0038,0.0038,0.0,0.0001,0.0,0.0,0.0058,0.0,0.0,0.0,0.0007,0.0,0.0,0.0055,0.9945,0.9998,0,83,christianity
23,23,269,2010,Colombia,COL,6944250,37961900,3022,1475,0,44910647,0,0,,8095,8095,0,0,0,0,0,0,27740.0,27740,0,0,1619,1619,0,8095,0,0,47225,0,0,0,1295,405206,694425,190653,46104347,46295000,0.15,0.82,0.0001,0.0,0.0,0.9701,0.0,0.0,0.0,0.0002,0.0002,0.0,0.0,0.0,0,0.0,0.0,0.0006,0.0006,0.0,0.0,0.0,0.0,0.0,0.0002,0.0,0.0,0.001,0.0,0.0,0.0,0.0,0.0088,0.015,0.0041,0.9959,1.0,0,99,christianity
24,24,283,2010,Venezuela,VEN,4325100,23067200,0,0,0,27392300,0,0,0.0,16515,16515,0,0,0,0,0,0,29864.0,29864,0,0,12177,12177,0,0,0,0,10000,0,0,0,6113,53700,1267254,46077,28787923,28834000,0.15,0.8,0.0,0.0,0.0,0.95,0.0,0.0,0.0,0.0006,0.0006,0.0,0.0,0.0,0,0.0,0.0,0.001,0.001,0.0,0.0,0.0004,0.0004,0.0,0.0,0.0,0.0,0.0003,0.0,0.0,0.0,0.0002,0.0019,0.0439,0.0016,0.9984,0.9999,0,84,christianity
25,25,292,2010,Guyana,GUY,191875,61400,5027,54492,115125,427919,0,0,0.0,29,29,0,0,0,0,0,0,57562.0,57562,0,0,0,0,0,226412,0,0,4850,0,0,0,1000,8500,38375,2854,764647,767501,0.25,0.08,0.0065,0.071,0.15,0.5575,0.0,0.0,0.0,0.0,0.0,0.0,0.0,0.0,0,0.0,0.0,0.075,0.075,0.0,0.0,0.0,0.0,0.0,0.295,0.0,0.0,0.0063,0.0,0.0,0.0,0.0013,0.0111,0.05,0.0037,0.9963,0.9999,0,85,christianity
26,26,300,2010,Suriname,SUR,142632,129048,0,0,0,271680,0,0,0.0,290,290,0,0,0,0,0,0,110936.0,110936,0,0,0,0,0,155084,0,0,0,0,0,0,0,28000,0,10,565990,566000,0.252,0.228,0.0,0.0,0.0,0.48,0.0,0.0,0.0,0.0005,0.0005,0.0,0.0,0.0,0,0.0,0.0,0.196,0.196,0.0,0.0,0.0,0.0,0.0,0.27399999999999997,0.0,0.0,0.0,0.0,0.0,0.0,0.0,0.0495,0.0,0.0,1.0,1.0,0,1,christianity
27,27,314,2010,Ecuador,ECU,284183,12361961,0,0,184183,12830327,0,0,0.0,1000,1000,0,0,0,0,0,0,1500.0,1500,0,0,7460,7460,0,0,0,0,1720,0,0,0,0,35000,1207777,124367,14084784,14209151,0.02,0.87,0.0,0.0,0.013000000000000001,0.903,0.0,0.0,0.0,0.0001,0.0001,0.0,0.0,0.0,0,0.0,0.0,0.0001,0.0001,0.0,0.0,0.0005,0.0005,0.0,0.0,0.0,0.0,0.0001,0.0,0.0,0.0,0.0,0.0025,0.085,0.0088,0.9912,1.0001,0,1,christianity
28,28,328,2010,Peru,PER,3675330,23904351,0,0,0,27579681,0,0,0.0,3000,3000,0,0,0,0,0,0,6000.0,6000,0,0,10200,10200,0,0,0,0,10000,0,0,0,0,50000,1176105,567660,28834986,29402646,0.125,0.813,0.0,0.0,0.0,0.938,0.0,0.0,0.0,0.0001,0.0001,0.0,0.0,0.0,0,0.0,0.0,0.0002,0.0002,0.0,0.0,0.0003,0.0003,0.0,0.0,0.0,0.0,0.0003,0.0,0.0,0.0,0.0,0.0017,0.04,0.0193,0.9807,0.9999,0,83,christianity
29,29,342,2010,Brazil,BRA,51122554,113690456,0,0,3500000,168313010,0,0,0.0,107000,107000,0,0,0,0,0,0,35167.0,35167,0,0,244000,244000,0,5675,0,155951,41630,0,0,0,42016,4387383,16214243,1209725,189546075,190755800,0.268,0.596,0.0,0.0,0.0183,0.8823,0.0,0.0,0.0,0.0006,0.0006,0.0,0.0,0.0,0,0.0,0.0,0.0002,0.0002,0.0,0.0,0.0013,0.0013,0.0,0.0,0.0,0.0008,0.0002,0.0,0.0,0.0,0.0002,0.023,0.085,0.0063,0.9937,0.9999,0,100,christianity
30,30,356,2010,Bolivia,BOL,1373600,8340600,4400,1500,0,9720100,0,0,0.0,350,350,0,0,0,0,0,0,1031.0,1031,0,0,3836,3836,0,0,0,0,0,0,0,0,773,162419,412492,11314,10301001,10312315,0.1332,0.8088,0.0004,0.0001,0.0,0.9426,0.0,0.0,0.0,0.0,0.0,0.0,0.0,0.0,0,0.0,0.0,0.0001,0.0001,0.0,0.0,0.0004,0.0004,0.0,0.0,0.0,0.0,0.0,0.0,0.0,0.0,0.0001,0.0158,0.04,0.0011,0.9989,1.0001,0,84,christianity
31,31,370,2010,Paraguay,PAR,258212,5680657,0,6455,193659,6138983,0,0,0.0,3208,3208,0,0,0,0,0,0,3873.0,3873,0,0,14783,14783,0,0,0,0,5600,0,0,0,0,29405,193658,65782,6389510,6455292,0.04,0.88,0.0,0.001,0.03,0.951,0.0,0.0,0.0,0.0005,0.0005,0.0,0.0,0.0,0,0.0,0.0,0.0006,0.0006,0.0,0.0,0.0023,0.0023,0.0,0.0,0.0,0.0,0.0009,0.0,0.0,0.0,0.0,0.0046,0.03,0.0102,0.9898,1.0001,0,84,christianity
32,32,384,2010,Chile,CHL,1811913,12954191,341548,0,480000,15587652,0,0,0.0,20664,20664,0,0,0,0,0,0,4500.0,4500,0,0,2700,2700,0,0,0,0,0,0,0,0,2254,150000,1024644,285002,16792414,17077416,0.1061,0.7586,0.02,0.0,0.0281,0.9128,0.0,0.0,0.0,0.0012,0.0012,0.0,0.0,0.0,0,0.0,0.0,0.0003,0.0003,0.0,0.0,0.0002,0.0002,0.0,0.0,0.0,0.0,0.0,0.0,0.0,0.0,0.0001,0.0088,0.06,0.0167,0.9833,1.0001,0,84,christianity
33,33,398,2010,Argentina,ARG,4039999,30299994,53703,7013,0,34400709,0,0,0.0,275000,275000,0,0,0,0,0,0,611000.0,611000,0,0,7236,7236,0,1967,385,0,4651,0,0,162,145,30206,4847999,220532,40179460,40399992,0.1,0.75,0.0013,0.0002,0.0,0.8515,0.0,0.0,0.0,0.0068,0.0068,0.0,0.0,0.0,0,0.0,0.0,0.0151,0.0151,0.0,0.0,0.0002,0.0002,0.0,0.0,0.0,0.0,0.0001,0.0,0.0,0.0,0.0,0.0007,0.12,0.0055,0.9945,0.9999,0,83,christianity
34,34,412,2010,Uruguay,URU,369234,1580995,17021,710,778749,2746709,0,0,0.0,10070,10070,0,0,0,0,0,0,1015.0,1015,0,0,32,32,0,0,0,0,4061,0,0,0,0,16,577348,17428,3339251,3356679,0.11,0.47100000000000003,0.0051,0.0002,0.23199999999999998,0.8183,0.0,0.0,0.0,0.003,0.003,0.0,0.0,0.0,0,0.0,0.0,0.0003,0.0003,0.0,0.0,0.0,0.0,0.0,0.0,0.0,0.0,0.0012,0.0,0.0,0.0,0.0,0.0,0.172,0.0052,0.9948,1.0,0,99,christianity
35,35,426,2010,United Kingdom,UKG,4525200,4409825,259348,19791400,9971500,38957273,0,0,0.0,263000,263000,2403000,297000,0,0,0,0,0.0,2700000,0,0,248827,248827,4105,817000,423000,0,5021,4144,20000,0,226063,81782,16275000,2181661,60025215,62206876,0.0727,0.0709,0.0042,0.3182,0.1603,0.6263,0.0,0.0,0.0,0.0042,0.0042,0.0386,0.0048,0.0,0,0.0,0.0,0.0,0.0434,0.0,0.0,0.004,0.004,0.0001,0.0131,0.0068,0.0,0.0001,0.0001,0.0003,0.0,0.0036,0.0013,0.2616,0.0351,0.9649,1.0,0,75,christianity
36,36,440,2010,Ireland,IRE,31442,3861335,14205,134325,109000,4150307,0,0,0.0,1984,1984,0,0,0,0,0,0,25700.0,25700,0,0,781,781,0,0,0,0,1549,0,0,0,0,0,269811,12855,4450132,4462987,0.006999999999999999,0.8652,0.0032,0.0301,0.0244,0.9299,0.0,0.0,0.0,0.0004,0.0004,0.0,0.0,0.0,0,0.0,0.0,0.0058,0.0058,0.0,0.0,0.0002,0.0002,0.0,0.0,0.0,0.0,0.0003,0.0,0.0,0.0,0.0,0.0,0.0605,0.0029,0.9971,1.0,0,751,christianity
37,37,452,2010,Netherlands,NTH,2824128,4485380,7988,8545,2300000,9626041,0,0,0.0,25700,25700,0,0,0,0,0,0,963526.0,963526,0,0,201012,201012,299,107151,13290,0,6678,0,0,0,6911,665,5648257,12992,16599530,16612522,0.17,0.27,0.0005,0.0005,0.1384,0.5794,0.0,0.0,0.0,0.0015,0.0015,0.0,0.0,0.0,0,0.0,0.0,0.057999999999999996,0.057999999999999996,0.0,0.0,0.0121,0.0121,0.0,0.0065,0.0008,0.0,0.0004,0.0,0.0,0.0,0.0004,0.0,0.34,0.0008,0.9992,0.9999,0,77,christianity
38,38,466,2010,Belgium,BEL,108763,6797746,64823,11014,543819,7526165,0,0,0.0,30000,30000,489437,54381,0,0,0,0,0.0,543818,0,0,32629,32629,0,7500,3500,0,0,0,0,0,0,0,2088267,644516,10231879,10876395,0.01,0.625,0.006,0.001,0.05,0.6920000000000001,0.0,0.0,0.0,0.0028,0.0028,0.045,0.005,0.0,0,0.0,0.0,0.0,0.05,0.0,0.0,0.003,0.003,0.0,0.0007,0.0003,0.0,0.0,0.0,0.0,0.0,0.0,0.0,0.192,0.0593,0.9407,1.0001,0,83,christianity
39,39,480,2010,Luxembourg,LUX,8500,445137,2500,0,4500,460637,0,0,0.0,600,600,9139,1000,0,0,0,0,0.0,10139,0,0,0,0,0,0,0,0,1593,0,0,0,0,0,25101,7768,498070,505838,0.0168,0.88,0.0049,0.0,0.0089,0.9106,0.0,0.0,0.0,0.0012,0.0012,0.0181,0.002,0.0,0,0.0,0.0,0.0,0.02,0.0,0.0,0.0,0.0,0.0,0.0,0.0,0.0,0.0031,0.0,0.0,0.0,0.0,0.0,0.0496,0.0154,0.9846,0.9999,0,83,christianity
40,40,494,2010,France,FRN,1254451,40456051,732642,14865,1565352,44023361,0,0,0.0,480000,480000,4500000,450000,0,0,0,0,0.0,4950000,0,0,650755,650755,0,51000,0,0,0,0,0,0,223292,115410,12008726,220016,62502544,62722560,0.02,0.645,0.0117,0.0002,0.025,0.7019,0.0,0.0,0.0,0.0077,0.0077,0.0717,0.0072,0.0,0,0.0,0.0,0.0,0.0789,0.0,0.0,0.0104,0.0104,0.0,0.0008,0.0,0.0,0.0,0.0,0.0,0.0,0.0036,0.0018,0.1915,0.0035,0.9965,1.0001,0,83,christianity
41,41,498,2010,Monaco,MNC,936,24789,578,247,0,26550,0,0,0.0,500,500,0,0,0,0,0,0,264.0,264,0,0,0,0,0,0,0,0,0,0,0,0,0,0,4270,1521,31584,33105,0.0283,0.7488,0.0175,0.0075,0.0,0.802,0.0,0.0,0.0,0.0151,0.0151,0.0,0.0,0.0,0,0.0,0.0,0.008,0.008,0.0,0.0,0.0,0.0,0.0,0.0,0.0,0.0,0.0,0.0,0.0,0.0,0.0,0.0,0.129,0.0459,0.9541,1.0,0,83,christianity
42,42,503,2010,Liechtenstein,LIE,3062,27450,415,0,104,31031,0,0,0.0,40,40,0,0,0,0,0,0,1960.0,1960,0,0,148,148,0,0,0,0,11,0,0,0,0,0,1952,618,35142,35760,0.0856,0.7676,0.0116,0.0,0.0029,0.8678,0.0,0.0,0.0,0.0011,0.0011,0.0,0.0,0.0,0,0.0,0.0,0.0548,0.0548,0.0,0.0,0.0041,0.0041,0.0,0.0,0.0,0.0,0.0003,0.0,0.0,0.0,0.0,0.0,0.0546,0.0173,0.9827,1.0,0,94,christianity
43,43,517,2010,Switzerland,SWZ,2193742,3710000,78251,0,322000,6303993,0,0,0.0,17500,17500,0,0,0,0,0,0,322000.0,322000,0,0,25431,25431,0,24336,0,0,4037,0,0,0,0,0,1050000,77825,7747297,7825122,0.2803,0.4741,0.01,0.0,0.0411,0.8056,0.0,0.0,0.0,0.0022,0.0022,0.0,0.0,0.0,0,0.0,0.0,0.0411,0.0411,0.0,0.0,0.0032,0.0032,0.0,0.0031,0.0,0.0,0.0005,0.0,0.0,0.0,0.0,0.0,0.1342,0.0099,0.9901,0.9998,0,104,christianity
44,44,531,2010,Spain,SPN,1200000,35000000,0,0,921529,37121529,0,0,0.0,12000,12000,0,0,0,0,0,0,1400000.0,1400000,0,0,10200,10200,0,0,0,0,0,0,0,0,0,0,7372239,160528,45915968,46076496,0.026000000000000002,0.7596,0.0,0.0,0.02,0.8056,0.0,0.0,0.0,0.0003,0.0003,0.0,0.0,0.0,0,0.0,0.0,0.0304,0.0304,0.0,0.0,0.0002,0.0002,0.0,0.0,0.0,0.0,0.0,0.0,0.0,0.0,0.0,0.0,0.16,0.0035,0.9965,1.0,0,83,christianity
45,45,535,2010,Andorra,AND,300,73054,0,0,4192,77546,0,0,0.0,0,0,0,0,0,0,0,0,769.0,769,0,0,0,0,0,300,0,0,0,0,0,0,0,0,6807,78,85422,85500,0.0035,0.8544,0.0,0.0,0.049,0.907,0.0,0.0,0.0,0.0,0.0,0.0,0.0,0.0,0,0.0,0.0,0.009000000000000001,0.009000000000000001,0.0,0.0,0.0,0.0,0.0,0.0035,0.0,0.0,0.0,0.0,0.0,0.0,0.0,0.0,0.0796,0.0009,0.9991,1.0,0,83,christianity
46,46,549,2010,Portugal,POR,85140,8780066,63855,2693,191565,9123319,0,0,0.0,3192,3192,0,0,0,0,0,0,90987.0,90987,0,0,59598,59598,0,6386,426,0,1980,0,0,0,0,0,735901,620716,10021789,10642505,0.008,0.825,0.006,0.0003,0.018000000000000002,0.8573,0.0,0.0,0.0,0.0003,0.0003,0.0,0.0,0.0,0,0.0,0.0,0.0085,0.0085,0.0,0.0,0.0056,0.0056,0.0,0.0006,0.0,0.0,0.0002,0.0,0.0,0.0,0.0,0.0,0.0691,0.0583,0.9417,0.9999,0,109,christianity
47,47,555,2010,Germany,GMY,25300000,25700000,1356203,29003,5442786,57827992,0,0,0.0,119000,119000,2900000,280000,0,0,500000,0,320000.0,4000000,0,0,245000,245000,0,97500,25000,0,10000,0,0,0,0,0,18790764,583720,81115256,81698976,0.3097,0.3146,0.0166,0.0004,0.0666,0.7078,0.0,0.0,0.0,0.0015,0.0015,0.0355,0.0034,0.0,0,0.0061,0.0,0.0039,0.049,0.0,0.0,0.003,0.003,0.0,0.0012,0.0003,0.0,0.0001,0.0,0.0,0.0,0.0,0.0,0.23,0.0071,0.9929,1.0,0,83,christianity
48,48,584,2010,Poland,POL,145600,33507000,505200,0,381829,34539629,0,0,0.0,1600,1600,0,0,0,0,0,0,5100.0,5100,0,0,1500,1500,0,0,0,0,0,0,0,0,0,0,3054633,580458,37602462,38182920,0.0038,0.8775,0.0132,0.0,0.01,0.9046,0.0,0.0,0.0,0.0,0.0,0.0,0.0,0.0,0,0.0,0.0,0.0001,0.0001,0.0,0.0,0.0,0.0,0.0,0.0,0.0,0.0,0.0,0.0,0.0,0.0,0.0,0.0,0.08,0.0152,0.9848,0.9999,0,112,christianity
49,49,596,2010,Austria,AUS,503386,5369453,83897,0,167795,6124531,0,0,0.0,8298,8298,0,0,0,0,0,0,398571.0,398571,0,0,0,0,0,0,0,0,0,0,0,0,0,0,1293783,564588,7825183,8389771,0.06,0.64,0.01,0.0,0.02,0.73,0.0,0.0,0.0,0.001,0.001,0.0,0.0,0.0,0,0.0,0.0,0.0475,0.0475,0.0,0.0,0.0,0.0,0.0,0.0,0.0,0.0,0.0,0.0,0.0,0.0,0.0,0.0,0.1542,0.0673,0.9327,1.0,0,83,christianity
50,50,610,2010,Hungary,HUN,1799569,4677371,192155,0,0,6669095,0,0,0.0,10965,10965,0,0,0,0,0,0,4500.0,4500,0,0,0,0,0,0,0,0,0,0,0,0,0,0,2688805,526635,9373365,9900000,0.1818,0.4725,0.0194,0.0,0.0,0.6736,0.0,0.0,0.0,0.0011,0.0011,0.0,0.0,0.0,0,0.0,0.0,0.0005,0.0005,0.0,0.0,0.0,0.0,0.0,0.0,0.0,0.0,0.0,0.0,0.0,0.0,0.0,0.0,0.2716,0.0532,0.9468,1.0,0,117,christianity
51,51,624,2010,Czech Republic,CZR,174855,2077857,0,0,0,2252712,0,0,0.0,7322,7322,0,0,0,0,0,0,1338.0,1338,0,0,0,0,0,0,0,0,0,0,0,0,0,0,7980000,293739,10241372,10535111,0.0166,0.1972,0.0,0.0,0.0,0.2138,0.0,0.0,0.0,0.0007,0.0007,0.0,0.0,0.0,0,0.0,0.0,0.0001,0.0001,0.0,0.0,0.0,0.0,0.0,0.0,0.0,0.0,0.0,0.0,0.0,0.0,0.0,0.0,0.7575,0.0279,0.9721,1.0,0,119,noreligion
52,52,628,2010,Slovakia,SLO,473787,3370291,257764,0,0,4101842,0,0,0.0,2445,2445,0,0,0,0,0,0,521.0,521,0,0,0,0,0,0,0,0,1072,0,0,0,0,0,730349,597914,4836229,5434143,0.0872,0.6202,0.0474,0.0,0.0,0.7548,0.0,0.0,0.0,0.0004,0.0004,0.0,0.0,0.0,0,0.0,0.0,0.0001,0.0001,0.0,0.0,0.0,0.0,0.0,0.0,0.0,0.0,0.0002,0.0,0.0,0.0,0.0,0.0,0.1344,0.11,0.89,0.9999,0,120,christianity
53,53,642,2010,Italy,ITA,0,47858795,0,0,160086,48018881,0,0,0.0,39000,39000,0,0,0,0,0,0,700000.0,700000,0,0,8831,8831,0,7923,24193,0,5123,0,0,0,46270,2117,11300000,330886,60152338,60483224,0.0,0.7913,0.0,0.0,0.0026,0.7939,0.0,0.0,0.0,0.0006,0.0006,0.0,0.0,0.0,0,0.0,0.0,0.0116,0.0116,0.0,0.0,0.0001,0.0001,0.0,0.0001,0.0004,0.0,0.0001,0.0,0.0,0.0,0.0008,0.0,0.1868,0.0055,0.9945,0.9999,0,83,christianity
54,54,646,2010,San Marino,SNM,0,27038,0,0,1050,28088,0,0,0.0,0,0,0,0,0,0,0,0,6.0,6,0,0,0,0,0,0,0,0,296,0,0,0,0,0,3450,704,31840,32544,0.0,0.8308,0.0,0.0,0.0323,0.8631,0.0,0.0,0.0,0.0,0.0,0.0,0.0,0.0,0,0.0,0.0,0.0002,0.0002,0.0,0.0,0.0,0.0,0.0,0.0,0.0,0.0,0.0091,0.0,0.0,0.0,0.0,0.0,0.106,0.0216,0.9784,1.0,0,102,christianity
55,55,656,2010,Malta,MLT,4129,396394,119,991,0,401633,0,0,0.0,60,60,0,0,0,0,0,0,4122.0,4122,0,0,0,0,0,0,0,0,220,0,0,0,0,0,6200,676,412235,412911,0.01,0.96,0.0003,0.0024,0.0,0.9727,0.0,0.0,0.0,0.0001,0.0001,0.0,0.0,0.0,0,0.0,0.0,0.01,0.01,0.0,0.0,0.0,0.0,0.0,0.0,0.0,0.0,0.0005,0.0,0.0,0.0,0.0,0.0,0.015,0.0016,0.9984,0.9999,0,128,christianity
56,56,670,2010,Albania,ALB,0,419535,223686,0,42000,685221,0,0,0.0,0,0,1917315,95865,0,0,0,0,0.0,2013180,0,0,0,0,0,0,0,0,7000,0,0,0,0,0,481586,8538,3186987,3195525,0.0,0.1313,0.07,0.0,0.0131,0.2144,0.0,0.0,0.0,0.0,0.0,0.6,0.03,0.0,0,0.0,0.0,0.0,0.63,0.0,0.0,0.0,0.0,0.0,0.0,0.0,0.0,0.0022,0.0,0.0,0.0,0.0,0.0,0.1507,0.0027,0.9973,1.0,0,121,islam
57,57,671,2010,Montenegro,MNG,1200,21624,453696,0,1482,478002,0,0,0.0,0,0,0,0,0,0,0,0,120289.0,120289,0,0,119,119,0,0,0,0,0,0,0,0,0,0,28400,2707,626810,629517,0.0019,0.0344,0.7207,0.0,0.0024,0.7593,0.0,0.0,0.0,0.0,0.0,0.0,0.0,0.0,0,0.0,0.0,0.1911,0.1911,0.0,0.0,0.0002,0.0002,0.0,0.0,0.0,0.0,0.0,0.0,0.0,0.0,0.0,0.0,0.0451,0.0043,0.9957,1.0,0,122,christianity
58,58,675,2010,Macedonia,MAC,5248,39363,1266197,0,0,1310808,0,0,0.0,0,0,703363,0,0,0,0,0,0.0,703363,0,0,0,0,0,0,0,0,0,0,0,0,0,0,39075,3371,2053246,2056617,0.0026,0.0191,0.6157,0.0,0.0,0.6374,0.0,0.0,0.0,0.0,0.0,0.342,0.0,0.0,0,0.0,0.0,0.0,0.342,0.0,0.0,0.0,0.0,0.0,0.0,0.0,0.0,0.0,0.0,0.0,0.0,0.0,0.0,0.019,0.0016,0.9984,1.0,0,102,christianity
59,59,679,2010,Croatia,CRO,15129,3817311,196323,0,13382,4042145,0,0,0.0,553,553,65023,0,0,0,0,0,0.0,65023,0,0,0,0,0,0,0,0,0,0,0,0,0,0,250000,66440,4357721,4424161,0.0034,0.8628,0.0444,0.0,0.003,0.9137,0.0,0.0,0.0,0.0001,0.0001,0.0147,0.0,0.0,0,0.0,0.0,0.0,0.0147,0.0,0.0,0.0,0.0,0.0,0.0,0.0,0.0,0.0,0.0,0.0,0.0,0.0,0.0,0.0565,0.015,0.985,1.0,0,124,christianity
60,60,693,2010,Yugoslavia,YUG,72336,362228,6169170,0,49007,6652741,0,0,0.0,586,586,192200,33917,0,0,0,0,0.0,226117,0,0,0,0,0,0,0,0,0,0,0,0,0,0,385000,28546,7264444,7292990,0.0099,0.0497,0.8459,0.0,0.0067,0.9122,0.0,0.0,0.0,0.0001,0.0001,0.0264,0.0047,0.0,0,0.0,0.0,0.0,0.031,0.0,0.0,0.0,0.0,0.0,0.0,0.0,0.0,0.0,0.0,0.0,0.0,0.0,0.0,0.0528,0.0039,0.9961,1.0,0,125,christianity
61,61,697,2010,Bosnia and Herzegovina,BOS,38237,573569,1376566,0,0,1988372,0,0,0.0,1019,1019,1720707,0,0,0,0,0,0.0,1720707,0,0,0,0,0,0,0,0,0,0,0,0,0,0,112000,1697,3822098,3823795,0.01,0.15,0.36,0.0,0.0,0.52,0.0,0.0,0.0,0.0003,0.0003,0.45,0.0,0.0,0,0.0,0.0,0.0,0.45,0.0,0.0,0.0,0.0,0.0,0.0,0.0,0.0,0.0,0.0,0.0,0.0,0.0,0.0,0.0293,0.0004,0.9996,1.0,0,83,christianity
62,62,698,2010,Kosovo,KOS,0,38306,25748,0,0,64054,0,0,0.0,0,0,0,0,0,0,0,0,1657720.0,1657720,0,0,0,0,0,0,0,0,0,0,0,0,0,0,10238,1860,1732012,1733872,0.0,0.0221,0.0149,0.0,0.0,0.0369,0.0,0.0,0.0,0.0,0.0,0.0,0.0,0.0,0,0.0,0.0,0.9561,0.9561,0.0,0.0,0.0,0.0,0.0,0.0,0.0,0.0,0.0,0.0,0.0,0.0,0.0,0.0,0.0059,0.0011,0.9989,1.0,0,126,islam
63,63,702,2010,Slovenia,SLV,20537,1314376,41074,0,0,1375987,0,0,0.0,205,205,61611,0,0,0,0,0,0.0,61611,0,0,0,0,0,0,0,0,0,0,0,0,0,0,492891,123020,1930694,2053714,0.01,0.64,0.02,0.0,0.0,0.67,0.0,0.0,0.0,0.0001,0.0001,0.03,0.0,0.0,0,0.0,0.0,0.0,0.03,0.0,0.0,0.0,0.0,0.0,0.0,0.0,0.0,0.0,0.0,0.0,0.0,0.0,0.0,0.24,0.0599,0.9401,1.0,0,106,christianity
64,64,716,2010,Greece,GRC,81979,50969,10550000,0,0,10682948,0,0,0.0,5648,5648,240000,32000,0,0,0,0,0.0,272000,0,0,0,0,0,0,0,0,0,0,0,0,0,0,295000,63692,11255596,11319288,0.0072,0.0045,0.932,0.0,0.0,0.9438,0.0,0.0,0.0,0.0005,0.0005,0.0212,0.0028,0.0,0,0.0,0.0,0.0,0.024,0.0,0.0,0.0,0.0,0.0,0.0,0.0,0.0,0.0,0.0,0.0,0.0,0.0,0.0,0.0261,0.0056,0.9944,1.0,0,83,christianity
65,65,727,2010,Cyprus,CYP,0,14481,575000,4683,12510,606674,0,0,0.0,147,147,164999,0,0,0,0,0,0.0,164999,0,0,0,0,0,0,0,0,0,0,0,0,0,0,26056,16082,797876,813958,0.0,0.0178,0.7064,0.0058,0.0154,0.7453,0.0,0.0,0.0,0.0002,0.0002,0.2027,0.0,0.0,0,0.0,0.0,0.0,0.2027,0.0,0.0,0.0,0.0,0.0,0.0,0.0,0.0,0.0,0.0,0.0,0.0,0.0,0.0,0.032,0.0198,0.9802,1.0,0,102,christianity
66,66,741,2010,Bulgaria,BUL,42000,64119,6100000,0,0,6206119,0,0,0.0,2000,2000,920000,52000,0,0,0,0,0.0,972000,0,0,0,0,0,0,0,0,0,0,0,0,0,0,356674,6764,7536793,7543557,0.0056,0.0085,0.8086,0.0,0.0,0.8227,0.0,0.0,0.0,0.0003,0.0003,0.122,0.0069,0.0,0,0.0,0.0,0.0,0.1289,0.0,0.0,0.0,0.0,0.0,0.0,0.0,0.0,0.0,0.0,0.0,0.0,0.0,0.0,0.0473,0.0009,0.9991,1.0001,0,130,christianity
67,67,745,2010,Moldova,MLD,100000,95500,2730000,0,0,2925500,0,0,0.0,3900,3900,128238,0,0,0,0,0,0.0,128238,0,0,0,0,0,0,0,0,0,0,0,0,0,3562,500000,958,3561200,3562158,0.0281,0.0268,0.7664,0.0,0.0,0.8213,0.0,0.0,0.0,0.0011,0.0011,0.036000000000000004,0.0,0.0,0,0.0,0.0,0.0,0.036000000000000004,0.0,0.0,0.0,0.0,0.0,0.0,0.0,0.0,0.0,0.0,0.0,0.0,0.0,0.001,0.1404,0.0003,0.9997,1.0001,0,83,christianity
68,68,759,2010,Romania,ROM,1319965,978310,18601247,0,0,20899522,0,0,0.0,9500,9500,85000,0,0,0,0,0,0.0,85000,0,0,0,0,0,0,0,0,0,0,0,0,0,0,350000,89160,21344022,21433182,0.0616,0.0456,0.8679,0.0,0.0,0.9751,0.0,0.0,0.0,0.0004,0.0004,0.004,0.0,0.0,0,0.0,0.0,0.0,0.004,0.0,0.0,0.0,0.0,0.0,0.0,0.0,0.0,0.0,0.0,0.0,0.0,0.0,0.0,0.0163,0.0042,0.9958,1.0,0,133,christianity
69,69,773,2010,Russia,RUS,2096758,1100798,102500000,0,0,105697556,0,0,0.0,194000,194000,16482000,0,0,0,0,0,0.0,16482000,0,0,0,0,0,0,0,0,0,0,0,0,0,0,20000000,26444,142373556,142400000,0.0147,0.0077,0.7198,0.0,0.0,0.7423,0.0,0.0,0.0,0.0014,0.0014,0.1157,0.0,0.0,0,0.0,0.0,0.0,0.1157,0.0,0.0,0.0,0.0,0.0,0.0,0.0,0.0,0.0,0.0,0.0,0.0,0.0,0.0,0.1404,0.0002,0.9998,1.0,0,135,christianity
70,70,777,2010,Estonia,EST,149306,5510,220199,36,5090,380141,0,0,0.0,1700,1700,2000,0,0,0,0,0,0.0,2000,0,0,1401,1401,0,361,19,0,59,176,0,0,73,4902,925000,24142,1315832,1339974,0.1114,0.0041,0.1643,0.0,0.0038,0.2837,0.0,0.0,0.0,0.0013,0.0013,0.0015,0.0,0.0,0,0.0,0.0,0.0,0.0015,0.0,0.0,0.001,0.001,0.0,0.0003,0.0,0.0,0.0,0.0001,0.0,0.0,0.0001,0.0037,0.6903,0.018000000000000002,0.982,1.0,0,136,noreligion
71,71,781,2010,Latvia,LAT,787002,541646,438210,54,5457,1772369,0,0,0.0,6000,6000,320,0,0,0,0,0,0.0,320,0,0,167,167,0,205,0,0,45,0,0,0,0,0,450000,13712,2229106,2242818,0.3509,0.2415,0.1954,0.0,0.0024,0.7902,0.0,0.0,0.0,0.0027,0.0027,0.0001,0.0,0.0,0,0.0,0.0,0.0,0.0001,0.0,0.0,0.0001,0.0001,0.0,0.0001,0.0,0.0,0.0,0.0,0.0,0.0,0.0,0.0,0.2006,0.0061,0.9939,0.9999,0,138,christianity
72,72,785,2010,Lithuania,LIT,27397,2564874,162836,0,0,2755107,0,0,0.0,6000,6000,2727,0,0,0,0,0,0.0,2727,0,0,0,0,0,0,0,0,0,0,0,0,0,0,505000,52198,3268834,3321032,0.0082,0.7723,0.049,0.0,0.0,0.8296,0.0,0.0,0.0,0.0018,0.0018,0.0008,0.0,0.0,0,0.0,0.0,0.0,0.0008,0.0,0.0,0.0,0.0,0.0,0.0,0.0,0.0,0.0,0.0,0.0,0.0,0.0,0.0,0.1521,0.0157,0.9843,1.0,0,139,christianity
73,73,789,2010,Ukraine,UKR,874104,184021,34826145,0,3312394,39196664,0,0,0.0,67000,67000,456000,0,0,0,0,0,0.0,456000,0,0,46005,46005,0,0,0,0,0,0,0,0,0,0,6200000,39807,45965669,46005476,0.019,0.004,0.757,0.0,0.07200000000000001,0.852,0.0,0.0,0.0,0.0015,0.0015,0.0099,0.0,0.0,0,0.0,0.0,0.0,0.0099,0.0,0.0,0.001,0.001,0.0,0.0,0.0,0.0,0.0,0.0,0.0,0.0,0.0,0.0,0.1348,0.0009,0.9991,1.0001,0,141,christianity
74,74,793,2010,Belarus,BLR,111798,670788,4611671,0,0,5394257,0,0,0.0,12000,12000,0,0,0,0,0,0,19000.0,19000,0,0,0,0,0,0,0,0,0,0,0,0,0,0,3900595,164648,9325852,9490500,0.0118,0.0707,0.4859,0.0,0.0,0.5684,0.0,0.0,0.0,0.0013,0.0013,0.0,0.0,0.0,0,0.0,0.0,0.002,0.002,0.0,0.0,0.0,0.0,0.0,0.0,0.0,0.0,0.0,0.0,0.0,0.0,0.0,0.0,0.41100000000000003,0.0173,0.9827,1.0,0,143,christianity
75,75,797,2010,Armenia,ARM,0,0,3073754,0,12900,3086654,0,0,0.0,565,565,0,0,0,0,0,0,1000.0,1000,0,0,0,0,0,0,0,0,0,0,0,0,42195,0,112300,3067,3242714,3245781,0.0,0.0,0.9470000000000001,0.0,0.004,0.951,0.0,0.0,0.0,0.0002,0.0002,0.0,0.0,0.0,0,0.0,0.0,0.0003,0.0003,0.0,0.0,0.0,0.0,0.0,0.0,0.0,0.0,0.0,0.0,0.0,0.0,0.013000000000000001,0.0,0.0346,0.0009,0.9991,1.0,0,144,christianity
76,76,801,2010,Georgia,GRG,60401,31977,3432208,0,28424,3553010,0,0,0.0,12000,12000,440787,0,0,0,0,0,0.0,440787,0,0,0,0,0,0,0,0,0,0,0,0,0,22261,390000,34336,4418058,4452394,0.0136,0.0072,0.7709,0.0,0.0064,0.7979999999999999,0.0,0.0,0.0,0.0027,0.0027,0.099,0.0,0.0,0,0.0,0.0,0.0,0.099,0.0,0.0,0.0,0.0,0.0,0.0,0.0,0.0,0.0,0.0,0.0,0.0,0.0,0.005,0.0876,0.0077,0.9923,1.0,0,102,christianity
77,77,805,2010,Azerbaijan,AZE,3200,0,215000,0,0,218200,0,0,0.0,8000,8000,1289285,7305949,0,0,0,0,0.0,8595234,0,0,0,0,0,0,0,0,0,0,0,0,0,0,175000,51181,8996434,9047615,0.0004,0.0,0.0238,0.0,0.0,0.0241,0.0,0.0,0.0,0.0009,0.0009,0.1425,0.8075,0.0,0,0.0,0.0,0.0,0.95,0.0,0.0,0.0,0.0,0.0,0.0,0.0,0.0,0.0,0.0,0.0,0.0,0.0,0.0,0.0193,0.0057,0.9943,1.0,0,149,islam
78,78,819,2010,Finland,FIN,4199939,0,59002,0,0,4258941,0,0,0.0,1277,1277,0,0,0,0,0,0,24245.0,24245,0,0,4988,4988,0,0,0,0,1674,0,0,0,3991,0,890650,178142,5185766,5363908,0.7829999999999999,0.0,0.011000000000000001,0.0,0.0,0.794,0.0,0.0,0.0,0.0002,0.0002,0.0,0.0,0.0,0,0.0,0.0,0.0045,0.0045,0.0,0.0,0.0009,0.0009,0.0,0.0,0.0,0.0,0.0003,0.0,0.0,0.0,0.0007,0.0,0.166,0.0332,0.9668,0.9998,0,150,christianity
79,79,833,2010,Sweden,SWD,6377734,187580,120000,0,448500,7133814,0,0,0.0,19781,19781,562741,0,0,0,0,0,0.0,562741,0,0,0,0,0,0,0,0,0,0,0,0,0,0,1500643,162043,9216979,9379022,0.68,0.02,0.0128,0.0,0.0478,0.7606,0.0,0.0,0.0,0.0021,0.0021,0.06,0.0,0.0,0,0.0,0.0,0.0,0.06,0.0,0.0,0.0,0.0,0.0,0.0,0.0,0.0,0.0,0.0,0.0,0.0,0.0,0.0,0.16,0.0173,0.9827,1.0,0,83,christianity
80,80,847,2010,Norway,NOR,3939303,67342,0,0,97078,4103723,0,0,0.0,823,823,99500,0,0,0,0,0,0.0,99500,0,0,13450,13450,0,5203,1042,0,1017,0,0,0,0,0,540000,120324,4764758,4885082,0.8064,0.0138,0.0,0.0,0.0199,0.8401,0.0,0.0,0.0,0.0002,0.0002,0.0204,0.0,0.0,0,0.0,0.0,0.0,0.0204,0.0,0.0,0.0028,0.0028,0.0,0.0011,0.0002,0.0,0.0002,0.0,0.0,0.0,0.0,0.0,0.1105,0.0246,0.9754,1.0001,0,151,christianity
81,81,861,2010,Denmark,DEN,4481602,37964,799,0,6872,4527237,0,0,0.0,2153,2153,215000,7000,0,0,0,0,0.0,222000,0,0,4487,4487,0,206,0,0,349,0,0,0,0,619,560000,222583,5317051,5539634,0.809,0.0069,0.0001,0.0,0.0012,0.8172,0.0,0.0,0.0,0.0004,0.0004,0.0388,0.0013,0.0,0,0.0,0.0,0.0,0.0401,0.0,0.0,0.0008,0.0008,0.0,0.0,0.0,0.0,0.0001,0.0,0.0,0.0,0.0,0.0001,0.1011,0.0402,0.9598,1.0,0,155,christianity
82,82,875,2010,Iceland,ICE,275000,9647,709,0,4707,290063,0,0,0.0,0,0,0,0,0,0,0,0,1589.0,1589,0,0,1087,1087,0,0,0,0,396,0,0,0,0,1398,10309,11979,304842,316821,0.868,0.0304,0.0022,0.0,0.0149,0.9155,0.0,0.0,0.0,0.0,0.0,0.0,0.0,0.0,0,0.0,0.0,0.005,0.005,0.0,0.0,0.0034,0.0034,0.0,0.0,0.0,0.0,0.0012,0.0,0.0,0.0,0.0,0.0044,0.0325,0.0378,0.9622,0.9998,0,154,christianity
83,83,883,2010,Cape Verde,CAP,21020,422000,0,0,7200,450220,0,0,0.0,0,0,14200,1000,0,0,0,0,0.0,15200,0,0,0,0,0,0,0,0,0,0,0,0,0,611,8500,469,474531,475000,0.0443,0.8884,0.0,0.0,0.0152,0.9478,0.0,0.0,0.0,0.0,0.0,0.0299,0.0021,0.0,0,0.0,0.0,0.0,0.032,0.0,0.0,0.0,0.0,0.0,0.0,0.0,0.0,0.0,0.0,0.0,0.0,0.0,0.0013,0.0179,0.001,0.9990000000000001,1.0,0,202,christianity
84,84,891,2010,Sao Tome and Principe,STP,16291,135219,0,0,2300,153810,0,0,0.0,0,0,0,0,0,0,0,0,2443.0,2443,0,0,0,0,0,0,0,0,3877,0,0,0,0,389,2020,376,162539,162915,0.1,0.83,0.0,0.0,0.0141,0.9441,0.0,0.0,0.0,0.0,0.0,0.0,0.0,0.0,0,0.0,0.0,0.015,0.015,0.0,0.0,0.0,0.0,0.0,0.0,0.0,0.0,0.0238,0.0,0.0,0.0,0.0,0.0024,0.0124,0.0023,0.9977,1.0,0,83,christianity
85,85,899,2010,Guinea-Bissau,GNB,12119,126500,0,229,22000,160848,0,0,0.0,0,0,575000,14777,0,0,0,0,0.0,589777,0,0,0,0,0,0,0,0,260,0,0,0,0,702000,24000,899,1476885,1477784,0.0082,0.0856,0.0,0.0002,0.0149,0.1088,0.0,0.0,0.0,0.0,0.0,0.3891,0.01,0.0,0,0.0,0.0,0.0,0.3991,0.0,0.0,0.0,0.0,0.0,0.0,0.0,0.0,0.0002,0.0,0.0,0.0,0.0,0.475,0.0162,0.0006,0.9994,0.9999,0,83,animism
86,86,908,2010,Equatorial Guinea,EQG,34914,588000,0,0,0,622914,0,0,0.0,0,0,27500,0,0,0,0,0,0.0,27500,0,0,0,0,0,349,0,0,3575,0,0,0,0,12011,24000,7946,690349,698295,0.05,0.8421,0.0,0.0,0.0,0.892,0.0,0.0,0.0,0.0,0.0,0.0394,0.0,0.0,0,0.0,0.0,0.0,0.0394,0.0,0.0,0.0,0.0,0.0,0.0005,0.0,0.0,0.0051,0.0,0.0,0.0,0.0,0.0172,0.0344,0.0114,0.9886,1.0,0,83,christianity
87,87,918,2010,Gambia,GAM,12500,56240,980,5200,0,74920,0,0,0.0,0,0,1531158,17204,0,0,0,0,0.0,1548362,0,0,0,0,0,279,0,0,9200,0,0,0,0,75000,8900,3742,1716661,1720403,0.0073,0.0327,0.0006,0.003,0.0,0.0435,0.0,0.0,0.0,0.0,0.0,0.89,0.01,0.0,0,0.0,0.0,0.0,0.9,0.0,0.0,0.0,0.0,0.0,0.0002,0.0,0.0,0.0053,0.0,0.0,0.0,0.0,0.0436,0.0052,0.0022,0.9978,1.0,0,1,islam
88,88,929,2010,Mali,MLI,92809,314259,0,0,0,407068,0,0,0.0,0,0,12619133,135689,0,0,0,0,0.0,12754822,0,0,0,0,0,0,0,0,750,0,0,0,0,379930,25200,1191,13567770,13568961,0.0068,0.0232,0.0,0.0,0.0,0.03,0.0,0.0,0.0,0.0,0.0,0.93,0.01,0.0,0,0.0,0.0,0.0,0.94,0.0,0.0,0.0,0.0,0.0,0.0,0.0,0.0,0.0001,0.0,0.0,0.0,0.0,0.027999999999999997,0.0019,0.0001,0.9999,1.0001,0,1,islam
89,89,940,2010,Senegal,SEN,21278,400067,0,0,0,421345,0,0,0.0,0,0,11221712,124357,0,0,0,0,0.0,11346069,0,0,1631,1631,0,0,0,0,23201,0,0,0,387,241681,20144,29640,12054458,12084098,0.0018,0.0331,0.0,0.0,0.0,0.0349,0.0,0.0,0.0,0.0,0.0,0.9286,0.0103,0.0,0,0.0,0.0,0.0,0.9389,0.0,0.0,0.0001,0.0001,0.0,0.0,0.0,0.0,0.0019,0.0,0.0,0.0,0.0,0.02,0.0017,0.0025,0.9975,1.0,0,350,islam
90,90,951,2010,Benin,BEN,735000,2145000,8906,3488,622000,3514394,0,0,0.0,0,0,2304686,21029,0,0,0,0,0.0,2325715,0,0,0,0,0,0,0,0,2458,0,0,0,0,2495000,293352,155077,8630919,8785996,0.0837,0.2441,0.001,0.0004,0.0708,0.4,0.0,0.0,0.0,0.0,0.0,0.2623,0.0024,0.0,0,0.0,0.0,0.0,0.2647,0.0,0.0,0.0,0.0,0.0,0.0,0.0,0.0,0.0003,0.0,0.0,0.0,0.0,0.284,0.0334,0.0177,0.9823,1.0001,0,202,christianity
91,91,962,2010,Mauritania,MAA,957,4802,0,1053,1906,8718,0,0,0.0,0,0,3212166,0,0,0,0,0,0.0,3212166,0,0,0,0,0,0,0,0,331,0,0,0,0,17220,3560,69517,3241995,3311512,0.0003,0.0015,0.0,0.0003,0.0006,0.0026,0.0,0.0,0.0,0.0,0.0,0.97,0.0,0.0,0,0.0,0.0,0.0,0.97,0.0,0.0,0.0,0.0,0.0,0.0,0.0,0.0,0.0001,0.0,0.0,0.0,0.0,0.0052,0.0011,0.021,0.9790000000000001,1.0,0,83,islam
92,92,973,2010,Niger,NIR,113153,231233,0,0,240162,584548,0,0,0.0,0,0,13714412,0,0,0,0,0,0.0,13714412,0,0,0,0,0,0,3582,0,4500,0,0,0,0,605000,15200,61187,14927242,14988429,0.0075,0.0154,0.0,0.0,0.016,0.039,0.0,0.0,0.0,0.0,0.0,0.915,0.0,0.0,0,0.0,0.0,0.0,0.915,0.0,0.0,0.0,0.0,0.0,0.0,0.0002,0.0,0.0003,0.0,0.0,0.0,0.0,0.0404,0.001,0.0041,0.9959,1.0,0,83,islam
93,93,984,2010,Ivory Coast,CDI,1517432,5930196,50028,0,531680,8029336,0,0,0.0,0,0,7868751,80293,0,0,0,0,80293.0,8029337,0,0,10706,10706,0,1713,0,0,32974,0,0,0,0,5138776,124000,44726,21366842,21411568,0.0709,0.27699999999999997,0.0023,0.0,0.0248,0.375,0.0,0.0,0.0,0.0,0.0,0.3675,0.0037,0.0,0,0.0,0.0,0.0037,0.375,0.0,0.0,0.0005,0.0005,0.0,0.0001,0.0,0.0,0.0015,0.0,0.0,0.0,0.0,0.24,0.0058,0.0021,0.9979,1.0,0,83,christianity
94,94,995,2010,Guinea,GUI,222265,414648,0,5588,176586,819087,0,0,0.0,0,0,8620923,81909,0,0,0,0,0.0,8702832,0,0,9000,9000,0,0,0,0,154,0,0,0,0,675000,19259,13295,10225332,10238627,0.0217,0.0405,0.0,0.0005,0.0172,0.08,0.0,0.0,0.0,0.0,0.0,0.8420000000000001,0.008,0.0,0,0.0,0.0,0.0,0.85,0.0,0.0,0.0009,0.0009,0.0,0.0,0.0,0.0,0.0,0.0,0.0,0.0,0.0,0.0659,0.0019,0.0013,0.9987,1.0,0,1,islam
95,95,1006,2010,Burkina Faso,BFO,779198,3740152,0,0,55000,4574351,0,0,0.0,0,0,8882862,140256,0,0,0,0,0.0,9023117,0,0,0,0,0,0,0,0,1950,0,0,0,0,1901244,78188,5118,15578850,15583968,0.05,0.24,0.0,0.0,0.0035,0.2935,0.0,0.0,0.0,0.0,0.0,0.57,0.009000000000000001,0.0,0,0.0,0.0,0.0,0.579,0.0,0.0,0.0,0.0,0.0,0.0,0.0,0.0,0.0001,0.0,0.0,0.0,0.0,0.122,0.005,0.0003,0.9997,0.9999,0,350,islam
96,96,1020,2010,Liberia,LBR,1182650,397491,0,98486,1863613,3542240,0,0,0.0,0,0,458824,10094,0,0,0,0,0.0,468918,0,0,0,0,0,0,0,0,4167,0,0,0,0,110000,41673,346,4166998,4167344,0.2838,0.0954,0.0,0.0236,0.4472,0.85,0.0,0.0,0.0,0.0,0.0,0.1101,0.0024,0.0,0,0.0,0.0,0.0,0.1125,0.0,0.0,0.0,0.0,0.0,0.0,0.0,0.0,0.001,0.0,0.0,0.0,0.0,0.0264,0.01,0.0001,0.9999,1.0,0,83,christianity
97,97,1030,2010,Sierra Leone,SIE,487547,441898,0,79012,160789,1169246,0,0,0.0,0,0,3304455,92089,0,0,0,0,0.0,3396544,0,0,0,0,0,3000,0,0,4500,0,0,0,0,1457603,75086,33295,6105979,6139274,0.0794,0.07200000000000001,0.0,0.0129,0.0262,0.1905,0.0,0.0,0.0,0.0,0.0,0.5382,0.015,0.0,0,0.0,0.0,0.0,0.5532,0.0,0.0,0.0,0.0,0.0,0.0005,0.0,0.0,0.0007,0.0,0.0,0.0,0.0,0.2374,0.0122,0.0054,0.9946,0.9999,1,83,islam
98,98,1041,2010,Ghana,GHA,11000000,3143640,0,0,2735686,16879326,0,0,0.0,0,0,3667789,555726,0,0,0,0,0.0,4223515,0,0,0,0,0,0,0,0,0,0,0,0,0,1271854,1439835,182722,23814530,23997252,0.4584,0.131,0.0,0.0,0.114,0.7034,0.0,0.0,0.0,0.0,0.0,0.1528,0.0232,0.0,0,0.0,0.0,0.0,0.17600000000000002,0.0,0.0,0.0,0.0,0.0,0.0,0.0,0.0,0.0,0.0,0.0,0.0,0.0,0.053,0.06,0.0076,0.9924,1.0,0,208,christianity
99,99,1052,2010,Togo,TOG,582752,1631708,0,0,582752,2797212,0,0,0.0,0,0,815854,0,0,0,0,0,0.0,815854,0,0,0,0,0,0,0,0,25000,0,0,0,0,2156185,14365,18913,5808616,5827529,0.1,0.28,0.0,0.0,0.1,0.48,0.0,0.0,0.0,0.0,0.0,0.14,0.0,0.0,0,0.0,0.0,0.0,0.14,0.0,0.0,0.0,0.0,0.0,0.0,0.0,0.0,0.0043,0.0,0.0,0.0,0.0,0.37,0.0025,0.0032,0.9968,1.0,0,83,christianity
100,100,1063,2010,Cameroon,CAO,4684592,5183892,0,0,0,9868484,0,0,0.0,0,0,4265362,0,0,0,0,0,0.0,4265362,0,0,359,359,0,0,0,0,38200,0,0,0,765,5576888,145090,34816,19895148,19929964,0.2351,0.2601,0.0,0.0,0.0,0.4952,0.0,0.0,0.0,0.0,0.0,0.214,0.0,0.0,0,0.0,0.0,0.0,0.214,0.0,0.0,0.0,0.0,0.0,0.0,0.0,0.0,0.0019,0.0,0.0,0.0,0.0,0.2798,0.0073,0.0017,0.9983,0.9999,0,350,christianity
101,101,1074,2010,Nigeria,NIG,18448759,16911362,37353,14941021,14387880,64726375,0,0,0.0,100,100,71349687,6934969,0,0,0,0,0.0,78284656,0,0,8229,8229,0,0,0,0,30000,0,0,0,4546,10302000,484129,270381,153840035,154110416,0.1197,0.1097,0.0002,0.09699999999999999,0.0934,0.42,0.0,0.0,0.0,0.0,0.0,0.46299999999999997,0.045,0.0,0,0.0,0.0,0.0,0.508,0.0,0.0,0.0001,0.0001,0.0,0.0,0.0,0.0,0.0002,0.0,0.0,0.0,0.0,0.0668,0.0031,0.0018,0.9982,1.0,0,350,islam
102,102,1085,2010,Gabon,GAB,198200,631887,0,0,217665,1047752,0,0,0.0,0,0,203321,7011,0,0,0,0,0.0,210332,0,0,0,0,0,0,0,0,564,0,0,0,0,117561,22500,3505,1398709,1402214,0.1413,0.4506,0.0,0.0,0.1552,0.7472,0.0,0.0,0.0,0.0,0.0,0.145,0.005,0.0,0,0.0,0.0,0.0,0.15,0.0,0.0,0.0,0.0,0.0,0.0,0.0,0.0,0.0004,0.0,0.0,0.0,0.0,0.0838,0.016,0.0025,0.9975,0.9999,0,350,christianity
103,103,1096,2010,Central African Republic,CEN,829432,1052741,0,0,333132,2215305,0,0,0.0,0,0,634874,40523,0,0,0,0,0.0,675397,0,0,0,0,0,0,0,0,10000,0,0,0,0,1530902,56000,15050,4487604,4502654,0.1842,0.2338,0.0,0.0,0.07400000000000001,0.49200000000000005,0.0,0.0,0.0,0.0,0.0,0.141,0.009000000000000001,0.0,0,0.0,0.0,0.0,0.15,0.0,0.0,0.0,0.0,0.0,0.0,0.0,0.0,0.0022,0.0,0.0,0.0,0.0,0.34,0.0124,0.0033,0.9967,0.9999,0,1,christianity
104,104,1107,2010,Chad,CHA,1558219,1682398,0,0,668853,3909470,0,0,0.0,0,0,6209287,137945,0,0,0,0,0.0,6347232,0,0,1771,1771,0,0,0,0,22955,0,0,0,3771,1150730,28900,34254,11464829,11499083,0.1355,0.1463,0.0,0.0,0.0582,0.34,0.0,0.0,0.0,0.0,0.0,0.54,0.012,0.0,0,0.0,0.0,0.0,0.552,0.0,0.0,0.0002,0.0002,0.0,0.0,0.0,0.0,0.002,0.0,0.0,0.0,0.0003,0.1001,0.0025,0.003,0.997,1.0001,0,83,islam
105,105,1118,2010,Congo,CON,655027,1947994,645,0,625000,3228666,0,0,0.0,0,0,75200,2200,0,0,0,0,0.0,77400,0,0,172,172,0,0,0,0,25628,0,0,0,280,210000,295000,167160,3837146,4004306,0.1636,0.4865,0.0002,0.0,0.1561,0.8063,0.0,0.0,0.0,0.0,0.0,0.0188,0.0005,0.0,0,0.0,0.0,0.0,0.0193,0.0,0.0,0.0,0.0,0.0,0.0,0.0,0.0,0.0064,0.0,0.0,0.0,0.0001,0.0524,0.0737,0.0417,0.9583,0.9999,0,83,christianity
106,106,1129,2010,Democratic Republic of the Congo,DRC,21716851,33932580,12600,678652,6786516,63127199,0,0,0.0,407,407,882247,0,0,0,0,0,0.0,882247,0,0,3841,3841,0,95000,0,0,200000,0,0,0,0,3200000,345000,11466,67853694,67865160,0.32,0.5,0.0002,0.01,0.1,0.9302,0.0,0.0,0.0,0.0,0.0,0.013000000000000001,0.0,0.0,0,0.0,0.0,0.0,0.013000000000000001,0.0,0.0,0.0001,0.0001,0.0,0.0014,0.0,0.0,0.0029,0.0,0.0,0.0,0.0,0.0472,0.0051,0.0002,0.9998,1.0001,0,83,christianity
107,107,1139,2010,Uganda,UGA,2645114,12450000,29330,9522412,1275000,25921856,0,0,0.0,2000,2000,3565532,168746,0,0,0,0,0.0,3734278,0,0,2005,2005,0,182000,1556,0,50000,0,2863,0,3983,1050000,133345,35110,31083886,31118996,0.085,0.4001,0.0009,0.306,0.040999999999999995,0.833,0.0,0.0,0.0,0.0001,0.0001,0.1146,0.0054,0.0,0,0.0,0.0,0.0,0.12,0.0,0.0,0.0001,0.0001,0.0,0.0058,0.0001,0.0,0.0016,0.0,0.0001,0.0,0.0001,0.0337,0.0043,0.0011,0.9989,1.0,0,83,christianity
108,108,1149,2010,Kenya,KEN,12524979,11250000,401871,5130000,3095796,32402646,0,0,0.0,1300,1300,3988185,209904,0,0,0,0,0.0,4198090,0,0,1266,1266,804,175000,42500,0,250000,0,77561,0,1929,2859459,133500,43053,40144055,40187108,0.3117,0.2799,0.01,0.1277,0.077,0.8063,0.0,0.0,0.0,0.0,0.0,0.0992,0.0052,0.0,0,0.0,0.0,0.0,0.1045,0.0,0.0,0.0,0.0,0.0,0.0044,0.0011,0.0,0.0062,0.0,0.0019,0.0,0.0,0.0712,0.0033,0.0011,0.9989,1.0,0,202,christianity
109,109,1159,2010,Tanzania,TAZ,5939526,9448823,9676,3146249,2030228,20574501,0,0,0.0,0,0,13736844,1768358,0,0,0,0,0.0,15505201,0,0,9777,9777,130,322500,12921,0,125000,0,9432,0,22784,5895000,385000,207757,42862247,43070004,0.1379,0.2194,0.0002,0.073,0.0471,0.4777,0.0,0.0,0.0,0.0,0.0,0.3189,0.0411,0.0,0,0.0,0.0,0.0,0.36,0.0,0.0,0.0002,0.0002,0.0,0.0075,0.0003,0.0,0.0029,0.0,0.0002,0.0,0.0005,0.1369,0.0089,0.0048,0.9952,0.9999,0,202,christianity
110,110,1169,2010,Burundi,BUI,1839366,5277432,1900,325000,197689,7641386,0,0,0.0,0,0,206284,8595,0,0,0,0,0.0,214879,0,0,0,0,0,7220,0,0,6953,0,0,0,0,695000,22000,7728,8587438,8595166,0.214,0.614,0.0002,0.0378,0.023,0.889,0.0,0.0,0.0,0.0,0.0,0.024,0.001,0.0,0,0.0,0.0,0.0,0.025,0.0,0.0,0.0,0.0,0.0,0.0008,0.0,0.0,0.0008,0.0,0.0,0.0,0.0,0.0809,0.0026,0.0009,0.9991,1.0,0,350,christianity
111,111,1179,2010,Rwanda,RWA,2689553,5844606,1459,482000,235250,9252868,0,0,0.0,0,0,471085,4758,0,0,0,0,0.0,475843,0,0,0,0,0,517,0,0,19034,0,0,0,0,422312,36200,137662,10206774,10344436,0.26,0.565,0.0001,0.0466,0.0227,0.8945,0.0,0.0,0.0,0.0,0.0,0.0455,0.0005,0.0,0,0.0,0.0,0.0,0.046,0.0,0.0,0.0,0.0,0.0,0.0,0.0,0.0,0.0018,0.0,0.0,0.0,0.0,0.0408,0.0035,0.0133,0.9867,0.9999,0,83,christianity
112,112,1190,2010,Somalia,SOM,1819,100,1698,220,496,4333,0,0,0.0,0,0,9190389,93303,0,0,0,0,0.0,9283692,0,0,0,0,0,5225,0,0,2678,0,0,0,0,6820,4087,23510,9306835,9330345,0.0002,0.0,0.0002,0.0,0.0001,0.0005,0.0,0.0,0.0,0.0,0.0,0.985,0.01,0.0,0,0.0,0.0,0.0,0.995,0.0,0.0,0.0,0.0,0.0,0.0006,0.0,0.0,0.0003,0.0,0.0,0.0,0.0,0.0007,0.0004,0.0025,0.9975,1.0,0,83,islam
113,113,1197,2010,Djibouti,DJI,656,6100,5500,0,0,12256,0,0,0.0,0,0,860869,0,0,0,0,0,0.0,860869,0,0,0,0,0,352,0,0,764,0,0,0,0,0,8500,202,882741,882943,0.0007,0.0069,0.0062,0.0,0.0,0.0139,0.0,0.0,0.0,0.0,0.0,0.975,0.0,0.0,0,0.0,0.0,0.0,0.975,0.0,0.0,0.0,0.0,0.0,0.0004,0.0,0.0,0.0009,0.0,0.0,0.0,0.0,0.0,0.0096,0.0002,0.9998,1.0,0,83,islam
114,114,1211,2010,Ethiopia,ETH,14847378,578379,34877700,694,350000,50654152,0,0,0.0,4500,4500,27906872,425893,0,0,0,0,0.0,28332765,0,0,0,0,0,6130,0,0,22544,0,0,0,0,3100000,105200,53509,82225291,82278800,0.1805,0.006999999999999999,0.4239,0.0,0.0043,0.6156,0.0,0.0,0.0,0.0001,0.0001,0.3392,0.0052,0.0,0,0.0,0.0,0.0,0.3444,0.0,0.0,0.0,0.0,0.0,0.0001,0.0,0.0,0.0003,0.0,0.0,0.0,0.0,0.0377,0.0013,0.0007,0.9993,1.0002,0,210,christianity
115,115,1215,2010,Eritrea,ERI,78516,209378,2721914,0,0,3009808,0,0,0.0,0,0,2100000,0,0,0,0,0,0.0,2100000,0,0,0,0,0,1047,0,0,1419,0,0,0,0,39500,66898,15778,5218672,5234450,0.015,0.04,0.52,0.0,0.0,0.575,0.0,0.0,0.0,0.0,0.0,0.4012,0.0,0.0,0,0.0,0.0,0.0,0.4012,0.0,0.0,0.0,0.0,0.0,0.0002,0.0,0.0,0.0003,0.0,0.0,0.0,0.0,0.0075,0.0128,0.003,0.997,1.0,0,83,christianity
116,116,1223,2010,Angola,ANG,4396260,11850789,0,37800,750000,17034849,0,0,0.0,0,0,0,0,0,0,0,0,198750.0,198750,0,0,1634,1634,0,0,0,0,2064,0,0,0,162,1450000,342000,84717,19029459,19114176,0.23,0.62,0.0,0.002,0.0392,0.8912,0.0,0.0,0.0,0.0,0.0,0.0,0.0,0.0,0,0.0,0.0,0.0104,0.0104,0.0,0.0,0.0001,0.0001,0.0,0.0,0.0,0.0,0.0001,0.0,0.0,0.0,0.0,0.0759,0.0179,0.0044,0.9956,1.0,0,83,christianity
117,117,1231,2010,Mozambique,MZM,4897500,5315750,747,126027,0,10340024,0,0,0.0,218,218,5233075,87367,0,0,0,0,0.0,5320442,0,0,1900,1900,0,35165,0,0,2686,0,0,0,4063,5850000,192300,95052,21746798,21841850,0.2242,0.2434,0.0,0.0058,0.0,0.4734,0.0,0.0,0.0,0.0,0.0,0.2396,0.004,0.0,0,0.0,0.0,0.0,0.2436,0.0,0.0,0.0001,0.0001,0.0,0.0016,0.0,0.0,0.0001,0.0,0.0,0.0,0.0002,0.2678,0.0088,0.0044,0.9956,1.0,0,350,christianity
118,118,1241,2010,Zambia,ZAM,3816303,4625587,13088,166452,2723069,11344499,0,0,0.0,1682,1682,65198,5926,0,0,0,0,0.0,71124,0,0,3912,3912,0,65198,0,0,145000,0,0,0,0,1367676,23431,17134,13022522,13039656,0.2927,0.3547,0.001,0.0128,0.2088,0.87,0.0,0.0,0.0,0.0001,0.0001,0.005,0.0005,0.0,0,0.0,0.0,0.0,0.0055,0.0,0.0,0.0003,0.0003,0.0,0.005,0.0,0.0,0.0111,0.0,0.0,0.0,0.0,0.1049,0.0018,0.0013,0.9987,1.0,0,83,christianity
119,119,1251,2010,Zimbabwe,ZIM,2396453,2305000,44732,564757,4650237,9961179,0,0,0.0,11326,11326,128311,2137,0,0,0,0,0.0,130448,0,0,182,182,0,18005,0,0,25200,0,0,0,389,1647295,311930,59339,12105955,12165294,0.19699999999999998,0.1895,0.0037,0.0464,0.3823,0.8188,0.0,0.0,0.0,0.0009,0.0009,0.0105,0.0002,0.0,0,0.0,0.0,0.0,0.0107,0.0,0.0,0.0,0.0,0.0,0.0015,0.0,0.0,0.0021,0.0,0.0,0.0,0.0,0.1354,0.0256,0.0049,0.9951,0.9999,0,350,christianity
120,120,1261,2010,Malawi,MAW,4482817,3619442,4101,289214,2057026,10452600,0,0,0.0,278,278,2050581,60353,0,0,0,0,0.0,2110934,0,0,0,0,0,32970,771,0,35428,0,0,0,0,1733405,87882,6431,14454268,14460699,0.31,0.2503,0.0003,0.02,0.1422,0.7228,0.0,0.0,0.0,0.0,0.0,0.1418,0.0042,0.0,0,0.0,0.0,0.0,0.146,0.0,0.0,0.0,0.0,0.0,0.0023,0.0001,0.0,0.0024,0.0,0.0,0.0,0.0,0.1199,0.0061,0.0004,0.9996,1.0,0,350,christianity
121,121,1275,2010,South Africa,SAF,12006000,3551568,30400,1900839,23000000,40488807,0,0,0.0,81536,81536,768950,76050,0,0,0,0,0.0,845000,0,0,159070,159070,0,750331,10605,0,21000,0,2001,20009,33515,3980000,3200000,430214,49591874,50022088,0.24,0.071,0.0006,0.038,0.4598,0.8094,0.0,0.0,0.0,0.0016,0.0016,0.0154,0.0015,0.0,0,0.0,0.0,0.0,0.0169,0.0,0.0,0.0032,0.0032,0.0,0.015,0.0002,0.0,0.0004,0.0,0.0,0.0004,0.0007,0.0796,0.064,0.0086,0.9914,1.0,0,1,christianity
122,122,1280,2010,Namibia,NAM,1049122,621785,0,0,195037,1865944,0,0,0.0,2466,2466,9500,700,0,0,0,0,0.0,10200,0,0,0,0,0,3500,0,0,2500,0,0,0,0,215000,41443,3711,2141053,2144764,0.4892,0.2899,0.0,0.0,0.0909,0.87,0.0,0.0,0.0,0.0011,0.0011,0.0044,0.0003,0.0,0,0.0,0.0,0.0,0.0048,0.0,0.0,0.0,0.0,0.0,0.0016,0.0,0.0,0.0012,0.0,0.0,0.0,0.0,0.1002,0.0193,0.0017,0.9983,0.9999,0,1,christianity
123,123,1289,2010,Lesotho,LES,496281,1220514,0,102475,153681,1972951,0,0,0.0,0,0,0,0,0,0,0,0,1600.0,1600,0,0,0,0,0,1213,0,0,800,0,0,0,0,105500,5800,7032,2087864,2094896,0.2369,0.5826,0.0,0.0489,0.0734,0.9418,0.0,0.0,0.0,0.0,0.0,0.0,0.0,0.0,0,0.0,0.0,0.0008,0.0008,0.0,0.0,0.0,0.0,0.0,0.0006,0.0,0.0,0.0004,0.0,0.0,0.0,0.0,0.0504,0.0028,0.0034,0.9966,1.0002,0,350,christianity
124,124,1298,2010,Botswana,BOT,235097,100308,80,0,915314,1250799,0,0,0.0,0,0,47053,2476,0,0,0,0,0.0,49529,0,0,1009,1009,0,2494,217,0,3450,0,0,0,100,425000,45000,29917,1777598,1807515,0.1301,0.0555,0.0,0.0,0.5064,0.6920000000000001,0.0,0.0,0.0,0.0,0.0,0.026000000000000002,0.0014,0.0,0,0.0,0.0,0.0,0.0274,0.0,0.0,0.0006,0.0006,0.0,0.0014,0.0001,0.0,0.0019,0.0,0.0,0.0,0.0001,0.2351,0.0249,0.0166,0.9834,1.0001,0,83,christianity
125,125,1307,2010,Swaziland,SWA,352752,305149,0,24412,275000,957312,0,0,0.0,0,0,0,0,0,0,0,0,8000.0,8000,0,0,0,0,0,1855,0,0,5493,0,0,0,0,229560,14449,3924,1216670,1220594,0.289,0.25,0.0,0.02,0.2253,0.7843,0.0,0.0,0.0,0.0,0.0,0.0,0.0,0.0,0,0.0,0.0,0.0066,0.0066,0.0,0.0,0.0,0.0,0.0,0.0015,0.0,0.0,0.0045,0.0,0.0,0.0,0.0,0.1881,0.0118,0.0032,0.9968,1.0,0,350,christianity
126,126,1318,2010,Madagascar,MAG,4103362,5490037,0,1061707,1376675,12031782,0,0,0.0,308,308,1068176,55457,0,0,0,0,0.0,1123633,0,0,5135,5135,0,11912,0,0,15200,0,0,0,17200,7205000,125000,3610,20535170,20538780,0.1998,0.2673,0.0,0.0517,0.067,0.5858,0.0,0.0,0.0,0.0,0.0,0.052000000000000005,0.0027,0.0,0,0.0,0.0,0.0,0.0547,0.0,0.0,0.0003,0.0003,0.0,0.0006,0.0,0.0,0.0007,0.0,0.0,0.0,0.0008,0.3508,0.0061,0.0002,0.9998,1.0,0,350,christianity
127,127,1326,2010,Comoros,COM,0,850,0,0,0,850,0,0,0.0,0,0,0,666746,0,0,0,0,0.0,666746,0,0,0,0,0,0,0,0,599,0,0,0,0,9975,1658,133,679828,679961,0.0,0.0013,0.0,0.0,0.0,0.0013,0.0,0.0,0.0,0.0,0.0,0.0,0.9806,0.0,0,0.0,0.0,0.0,0.9806,0.0,0.0,0.0,0.0,0.0,0.0,0.0,0.0,0.0009,0.0,0.0,0.0,0.0,0.0147,0.0024,0.0002,0.9998,1.0001,0,83,islam
128,128,1335,2010,Mauritius,MAS,26894,336666,35,2889,50000,416484,0,0,0.0,0,0,203522,18256,0,0,0,0,0.0,221778,0,0,2251,2251,0,622238,2817,0,668,0,0,0,3500,1200,9092,483,1280028,1280511,0.021,0.2629,0.0,0.0023,0.039,0.3252,0.0,0.0,0.0,0.0,0.0,0.1589,0.0143,0.0,0,0.0,0.0,0.0,0.1732,0.0,0.0,0.0018,0.0018,0.0,0.4859,0.0022,0.0,0.0005,0.0,0.0,0.0,0.0027,0.0009,0.0071,0.0004,0.9996,0.9999,0,331,hinduism
129,129,1342,2010,Seychelles,SEY,3855,69297,97,5614,2258,81121,0,0,0.0,0,0,0,0,0,0,0,0,1459.0,1459,0,0,331,331,17,2174,0,0,522,62,0,0,0,0,840,91,86526,86617,0.0445,0.8,0.0011,0.0648,0.0261,0.9365,0.0,0.0,0.0,0.0,0.0,0.0,0.0,0.0,0,0.0,0.0,0.0168,0.0168,0.0,0.0,0.0038,0.0038,0.0002,0.0251,0.0,0.0,0.006,0.0007,0.0,0.0,0.0,0.0,0.0097,0.0011,0.9989,0.9999,0,332,christianity
130,130,1354,2010,Morocco,MOR,0,0,0,0,317760,317760,0,0,0.0,6000,6000,31426515,3500,0,0,0,0,0.0,31430015,0,0,0,0,0,0,0,0,0,0,0,0,0,0,0,22277,31753775,31776052,0.0,0.0,0.0,0.0,0.01,0.01,0.0,0.0,0.0,0.0002,0.0002,0.9890000000000001,0.0001,0.0,0,0.0,0.0,0.0,0.9891,0.0,0.0,0.0,0.0,0.0,0.0,0.0,0.0,0.0,0.0,0.0,0.0,0.0,0.0,0.0,0.0007,0.9993,1.0,0,1,islam
131,131,1364,2010,Algeria,ALG,0,0,0,0,285330,285330,0,0,0.0,0,0,35309660,0,0,0,0,0,0.0,35309660,0,0,0,0,0,0,0,0,0,0,0,0,0,0,0,71334,35594990,35666324,0.0,0.0,0.0,0.0,0.008,0.008,0.0,0.0,0.0,0.0,0.0,0.99,0.0,0.0,0,0.0,0.0,0.0,0.99,0.0,0.0,0.0,0.0,0.0,0.0,0.0,0.0,0.0,0.0,0.0,0.0,0.0,0.0,0.0,0.002,0.998,1.0,0,1,islam
132,132,1376,2010,Tunisia,TUN,0,31646,0,0,5700,37346,0,0,0.0,1500,1500,10338017,105489,0,0,0,0,0.0,10443506,0,0,0,0,0,0,0,0,0,0,0,0,0,0,0,66645,10482352,10548997,0.0,0.003,0.0,0.0,0.0005,0.0035,0.0,0.0,0.0,0.0001,0.0001,0.98,0.01,0.0,0,0.0,0.0,0.0,0.99,0.0,0.0,0.0,0.0,0.0,0.0,0.0,0.0,0.0,0.0,0.0,0.0,0.0,0.0,0.0,0.0063,0.9937,0.9999,0,1,islam
133,133,1389,2010,Libya,LIB,0,65091,65091,0,65091,195273,0,0,0.0,0,0,6310833,0,0,0,0,0,0.0,6310833,0,0,0,0,0,0,0,0,0,0,0,0,0,0,0,3000,6506106,6509106,0.0,0.01,0.01,0.0,0.01,0.03,0.0,0.0,0.0,0.0,0.0,0.9695,0.0,0.0,0,0.0,0.0,0.0,0.9695,0.0,0.0,0.0,0.0,0.0,0.0,0.0,0.0,0.0,0.0,0.0,0.0,0.0,0.0,0.0,0.0005,0.9995,1.0,0,1,islam
134,134,1400,2010,Sudan,SUD,703757,2013776,150000,0,0,2867533,0,0,0.0,0,0,28488914,0,0,0,0,0,0.0,28488914,0,0,0,0,0,0,0,0,0,0,0,0,0,8025046,401252,342487,39782745,40125232,0.0175,0.0502,0.0037,0.0,0.0,0.0715,0.0,0.0,0.0,0.0,0.0,0.71,0.0,0.0,0,0.0,0.0,0.0,0.71,0.0,0.0,0.0,0.0,0.0,0.0,0.0,0.0,0.0,0.0,0.0,0.0,0.0,0.2,0.01,0.0085,0.9915,1.0,0,1,islam
135,135,1414,2010,Iran,IRN,0,0,117000,0,0,117000,0,0,0.0,8700,8700,6666620,66666204,0,0,0,0,0.0,73332824,0,0,0,0,0,0,0,0,300000,0,0,0,0,0,265000,50036,74023524,74073560,0.0,0.0,0.0016,0.0,0.0,0.0016,0.0,0.0,0.0,0.0001,0.0001,0.09,0.9,0.0,0,0.0,0.0,0.0,0.99,0.0,0.0,0.0,0.0,0.0,0.0,0.0,0.0,0.0041,0.0,0.0,0.0,0.0,0.0,0.0036,0.0007,0.9993,1.0001,0,301,islam
136,136,1428,2010,Turkey,TUR,64498,35747,87906,0,132126,320277,0,0,0.0,15000,15000,75699756,0,0,0,0,0,0.0,75699756,0,0,0,0,0,0,0,0,0,0,0,0,0,0,383938,368661,76418971,76787632,0.0008,0.0005,0.0011,0.0,0.0017,0.0042,0.0,0.0,0.0,0.0002,0.0002,0.9858,0.0,0.0,0,0.0,0.0,0.0,0.9858,0.0,0.0,0.0,0.0,0.0,0.0,0.0,0.0,0.0,0.0,0.0,0.0,0.0,0.0,0.005,0.0048,0.9952,1.0,0,83,islam
137,137,1442,2010,Iraq,IRQ,0,265000,335000,0,0,600000,0,0,0.0,0,0,10335000,19875000,0,0,0,0,0.0,30210000,0,0,0,0,0,0,0,0,0,0,0,0,0,0,350000,640000,31160000,31800000,0.0,0.0083,0.0105,0.0,0.0,0.0189,0.0,0.0,0.0,0.0,0.0,0.325,0.625,0.0,0,0.0,0.0,0.0,0.95,0.0,0.0,0.0,0.0,0.0,0.0,0.0,0.0,0.0,0.0,0.0,0.0,0.0,0.0,0.011000000000000001,0.0201,0.9799,1.0,0,83,islam
138,138,1456,2010,Egypt,EGY,1219163,98000,8127756,0,406387,9851306,0,0,0.0,0,0,69898701,0,0,0,350000,0,0.0,70248701,0,0,0,0,0,0,0,0,0,0,0,0,0,0,812776,364777,80912783,81277560,0.015,0.0012,0.1,0.0,0.005,0.1212,0.0,0.0,0.0,0.0,0.0,0.86,0.0,0.0,0,0.0043,0.0,0.0,0.8643,0.0,0.0,0.0,0.0,0.0,0.0,0.0,0.0,0.0,0.0,0.0,0.0,0.0,0.0,0.01,0.0045,0.9955,1.0,0,83,islam
139,139,1469,2010,Syria,SYR,72993,378443,1079535,0,0,1530971,0,0,0.0,0,0,15113492,0,0,0,3258974,0,0.0,18372466,0,0,0,0,0,0,0,0,0,0,0,0,0,0,297589,167562,20201026,20368588,0.0036,0.0186,0.053,0.0,0.0,0.0752,0.0,0.0,0.0,0.0,0.0,0.742,0.0,0.0,0,0.16,0.0,0.0,0.902,0.0,0.0,0.0,0.0,0.0,0.0,0.0,0.0,0.0,0.0,0.0,0.0,0.0,0.0,0.0146,0.0082,0.9918,1.0,0,83,islam
140,140,1483,2010,Lebanon,LEB,28567,857010,489720,0,285670,1660967,0,0,0.0,0,0,1101870,1101870,0,0,0,0,0.0,2203740,0,0,75000,75000,0,0,0,0,0,0,0,0,0,0,122430,18863,4062137,4081000,0.006999999999999999,0.21,0.12,0.0,0.07,0.40700000000000003,0.0,0.0,0.0,0.0,0.0,0.27,0.27,0.0,0,0.0,0.0,0.0,0.54,0.0,0.0,0.0184,0.0184,0.0,0.0,0.0,0.0,0.0,0.0,0.0,0.0,0.0,0.0,0.03,0.0046,0.9954,1.0,0,83,islam
141,141,1497,2010,Jordan,JOR,0,30560,134467,0,18336,183363,0,0,0.0,0,0,5806540,122242,0,0,0,0,0.0,5928782,0,0,0,0,0,0,0,0,0,0,0,0,0,0,0,3,6112145,6112148,0.0,0.005,0.022000000000000002,0.0,0.003,0.03,0.0,0.0,0.0,0.0,0.0,0.95,0.02,0.0,0,0.0,0.0,0.0,0.97,0.0,0.0,0.0,0.0,0.0,0.0,0.0,0.0,0.0,0.0,0.0,0.0,0.0,0.0,0.0,0.0,1.0,1.0,0,83,islam
142,142,1510,2010,Israel,ISR,0,101600,50800,0,0,152400,5517567,33439,22293.0,0,5573299,1371600,0,0,0,0,0,152400.0,1524000,0,0,0,0,0,0,0,0,0,0,0,0,0,0,343000,31795,7592699,7624494,0.0,0.0133,0.0067,0.0,0.0,0.02,0.7237,0.0044,0.0029,0.0,0.731,0.1799,0.0,0.0,0,0.0,0.0,0.02,0.1999,0.0,0.0,0.0,0.0,0.0,0.0,0.0,0.0,0.0,0.0,0.0,0.0,0.0,0.0,0.045,0.0042,0.9958,1.0001,0,90,judaism
143,143,1524,2010,Saudi Arabia,SAU,0,782723,0,0,0,782723,0,0,0.0,0,0,22829436,1648170,0,0,0,0,0.0,24477606,0,0,0,0,0,260907,0,0,0,0,0,0,0,0,521815,47733,26043051,26090784,0.0,0.03,0.0,0.0,0.0,0.03,0.0,0.0,0.0,0.0,0.0,0.875,0.0632,0.0,0,0.0,0.0,0.0,0.9382,0.0,0.0,0.0,0.0,0.0,0.01,0.0,0.0,0.0,0.0,0.0,0.0,0.0,0.0,0.02,0.0018,0.9982,1.0,0,83,islam
144,144,1539,2010,Yemen,YEM,0,0,0,0,0,0,0,0,0.0,0,0,12982960,10386368,0,0,0,0,0.0,23369328,0,0,0,0,0,0,0,0,0,0,0,0,0,0,0,236054,23369328,23605382,0.0,0.0,0.0,0.0,0.0,0.0,0.0,0.0,0.0,0.0,0.0,0.55,0.44,0.0,0,0.0,0.0,0.0,0.99,0.0,0.0,0.0,0.0,0.0,0.0,0.0,0.0,0.0,0.0,0.0,0.0,0.0,0.0,0.0,0.01,0.99,1.0,0,83,islam
145,145,1555,2010,Kuwait,KUW,0,0,0,0,0,0,0,0,0.0,0,0,1886897,591600,0,0,0,0,0.0,2478497,0,0,0,0,0,107823,0,0,0,0,0,0,0,0,0,109248,2586320,2695568,0.0,0.0,0.0,0.0,0.0,0.0,0.0,0.0,0.0,0.0,0.0,0.7,0.2195,0.0,0,0.0,0.0,0.0,0.9195,0.0,0.0,0.0,0.0,0.0,0.04,0.0,0.0,0.0,0.0,0.0,0.0,0.0,0.0,0.0,0.0405,0.9595,1.0,0,83,islam
146,146,1564,2010,Bahrain,BAH,13767,32757,33917,13767,26777,120985,0,0,0.0,0,0,365037,741137,0,0,0,0,0.0,1106174,0,0,0,0,0,0,0,0,0,0,0,0,0,0,0,7412,1227159,1234571,0.0112,0.0265,0.0275,0.0112,0.0217,0.098,0.0,0.0,0.0,0.0,0.0,0.2957,0.6003,0.0,0,0.0,0.0,0.0,0.8959999999999999,0.0,0.0,0.0,0.0,0.0,0.0,0.0,0.0,0.0,0.0,0.0,0.0,0.0,0.0,0.0,0.006,0.9940000000000001,1.0,0,303,islam
147,147,1573,2010,Qatar,QAT,6000,200000,20000,3000,16603,245603,0,0,0.0,0,0,628790,169943,0,0,0,0,0.0,798733,0,0,36603,36603,0,450000,0,0,0,0,0,0,0,0,30000,138496,1560939,1699435,0.0035,0.1177,0.0118,0.0018,0.0098,0.1445,0.0,0.0,0.0,0.0,0.0,0.37,0.1,0.0,0,0.0,0.0,0.0,0.47,0.0,0.0,0.0215,0.0215,0.0,0.2648,0.0,0.0,0.0,0.0,0.0,0.0,0.0,0.0,0.0177,0.0815,0.9185,1.0,0,83,islam
148,148,1582,2010,United Arab Emirates,UAE,0,185228,185228,0,75005,445461,0,0,0.0,0,0,3530371,677966,0,0,0,0,0.0,4208337,0,0,22000,22000,0,1387654,0,0,62367,0,0,0,0,0,85000,25831,6210819,6236650,0.0,0.0297,0.0297,0.0,0.012,0.0714,0.0,0.0,0.0,0.0,0.0,0.5661,0.1087,0.0,0,0.0,0.0,0.0,0.6748,0.0,0.0,0.0035,0.0035,0.0,0.2225,0.0,0.0,0.01,0.0,0.0,0.0,0.0,0.0,0.0136,0.0041,0.9959,0.9999,0,83,islam
149,149,1591,2010,Oman,OMA,6900,49399,25300,0,17900,99499,0,0,0.0,0,0,862000,210000,1606195,0,0,0,0.0,2678195,0,0,8900,8900,0,78000,19000,0,0,0,0,0,0,0,0,96360,2883594,2979954,0.0023,0.0166,0.0085,0.0,0.006,0.0334,0.0,0.0,0.0,0.0,0.0,0.2893,0.0705,0.539,0,0.0,0.0,0.0,0.8987,0.0,0.0,0.003,0.003,0.0,0.0262,0.0064,0.0,0.0,0.0,0.0,0.0,0.0,0.0,0.0,0.0323,0.9677,1.0,0,1,islam
150,150,1605,2010,Afghanistan,AFG,6000,156,70,39,1022,7287,0,0,0.0,0,0,21600000,5130000,0,0,0,0,150000.0,26880000,0,0,2500,2500,2000,8000,2000,0,3000,0,0,0,0,3316,55000,36897,26963103,27000000,0.0002,0.0,0.0,0.0,0.0,0.0003,0.0,0.0,0.0,0.0,0.0,0.8,0.19,0.0,0,0.0,0.0,0.0056,0.9956,0.0,0.0,0.0001,0.0001,0.0001,0.0003,0.0001,0.0,0.0001,0.0,0.0,0.0,0.0,0.0001,0.002,0.0014,0.9986,1.0001,0,83,islam
151,151,1609,2010,Turkmenistan,TKM,0,0,505440,0,0,505440,0,0,0.0,700,700,4998243,0,0,0,0,0,0.0,4998243,0,0,722,722,0,0,0,0,1096,0,0,0,0,0,56160,53643,5562361,5616004,0.0,0.0,0.09,0.0,0.0,0.09,0.0,0.0,0.0,0.0001,0.0001,0.89,0.0,0.0,0,0.0,0.0,0.0,0.89,0.0,0.0,0.0001,0.0001,0.0,0.0,0.0,0.0,0.0002,0.0,0.0,0.0,0.0,0.0,0.01,0.0096,0.9904,1.0,0,83,islam
152,152,1613,2010,Tajikistan,TAJ,0,0,150000,0,0,150000,0,0,0.0,2000,2000,6320980,371822,0,0,0,0,0.0,6692802,0,0,5600,5600,0,0,0,0,4500,0,0,0,0,0,185911,395635,7040813,7436448,0.0,0.0,0.0202,0.0,0.0,0.0202,0.0,0.0,0.0,0.0003,0.0003,0.85,0.05,0.0,0,0.0,0.0,0.0,0.9,0.0,0.0,0.0008,0.0008,0.0,0.0,0.0,0.0,0.0006,0.0,0.0,0.0,0.0,0.0,0.025,0.0532,0.9468,1.0001,0,83,islam
153,153,1617,2010,Kyrgyzstan,KYR,11000,0,429229,0,100000,540229,0,0,0.0,500,500,4131336,1200,0,0,0,0,0.0,4132536,0,0,0,0,0,0,0,0,0,0,0,0,0,0,268268,423839,4941533,5365372,0.0021,0.0,0.08,0.0,0.0186,0.1007,0.0,0.0,0.0,0.0001,0.0001,0.77,0.0002,0.0,0,0.0,0.0,0.0,0.7702,0.0,0.0,0.0,0.0,0.0,0.0,0.0,0.0,0.0,0.0,0.0,0.0,0.0,0.0,0.05,0.079,0.9209999999999999,1.0,0,83,islam
154,154,1621,2010,Uzbekistan,UZB,0,0,1126422,0,281605,1408027,0,0,0.0,4200,4200,25907724,281605,0,0,0,0,0.0,26189329,0,0,0,0,0,0,0,0,0,0,0,0,0,0,504000,55014,28105556,28160570,0.0,0.0,0.04,0.0,0.01,0.05,0.0,0.0,0.0,0.0001,0.0001,0.92,0.01,0.0,0,0.0,0.0,0.0,0.93,0.0,0.0,0.0,0.0,0.0,0.0,0.0,0.0,0.0,0.0,0.0,0.0,0.0,0.0,0.0179,0.002,0.998,1.0,0,83,islam
155,155,1625,2010,Kazakhstan,KZK,0,0,4731595,0,0,4731595,0,0,0.0,3300,3300,9189508,489475,0,0,0,0,0.0,9678983,0,0,0,0,0,0,0,0,0,0,0,0,0,0,1880000,21970,16293878,16315848,0.0,0.0,0.29,0.0,0.0,0.29,0.0,0.0,0.0,0.0002,0.0002,0.5632,0.03,0.0,0,0.0,0.0,0.0,0.5932,0.0,0.0,0.0,0.0,0.0,0.0,0.0,0.0,0.0,0.0,0.0,0.0,0.0,0.0,0.1152,0.0013,0.9987,0.9999,0,83,islam
156,156,1639,2010,China,CHN,51116622,10761394,10317,0,16142091,78030424,0,0,0.0,2579,2579,0,0,0,0,0,0,33629356.0,33629356,0,0,169491958,169491958,0,18572,22699,0,0,4573592,0,0,564973194,53653442,437181638,3596818,1341577454,1345174272,0.038,0.008,0.0,0.0,0.012,0.057999999999999996,0.0,0.0,0.0,0.0,0.0,0.0,0.0,0.0,0,0.0,0.0,0.025,0.025,0.0,0.0,0.126,0.126,0.0,0.0,0.0,0.0,0.0,0.0034,0.0,0.0,0.42,0.0399,0.325,0.0027,0.9973,1.0,0,83,syncretism
157,157,1653,2010,Mongolia,MON,28833,654,3500,0,20183,53170,0,0,0.0,0,0,0,0,0,0,0,0,82380.0,82380,0,0,1455388,1455388,0,0,0,0,0,0,0,0,45000,250000,850000,10078,2735938,2746016,0.0105,0.0002,0.0013,0.0,0.0073,0.0194,0.0,0.0,0.0,0.0,0.0,0.0,0.0,0.0,0,0.0,0.0,0.03,0.03,0.0,0.0,0.53,0.53,0.0,0.0,0.0,0.0,0.0,0.0,0.0,0.0,0.0164,0.091,0.3095,0.0037,0.9963,1.0,0,83,buddhism
158,158,1666,2010,Taiwan,TAW,629753,310192,0,0,291456,1231401,0,0,0.0,100,100,65000,12000,0,0,0,0,25000.0,102000,0,0,5710455,5710455,0,0,0,0,16654,4731996,0,13011,9120490,58291,1593900,191702,22578298,22770000,0.0277,0.0136,0.0,0.0,0.0128,0.0541,0.0,0.0,0.0,0.0,0.0,0.0029,0.0005,0.0,0,0.0,0.0,0.0011,0.0045,0.0,0.0,0.2508,0.2508,0.0,0.0,0.0,0.0,0.0007,0.2078,0.0,0.0006,0.4005,0.0026,0.07,0.0084,0.9916,1.0,0,83,syncretism
159,159,1679,2010,North Korea,PRK,10147,40591,0,0,355172,405910,0,0,0.0,0,0,0,0,0,0,0,0,0.0,0,0,0,1116257,1116257,0,0,0,0,0,0,0,3171257,15197,3903086,15690406,92175,24302113,24394288,0.0004,0.0017,0.0,0.0,0.0146,0.0166,0.0,0.0,0.0,0.0,0.0,0.0,0.0,0.0,0,0.0,0.0,0.0,0.0,0.0,0.0,0.0458,0.0458,0.0,0.0,0.0,0.0,0.0,0.0,0.0,0.13,0.0006,0.16,0.6432,0.0038,0.9962,1.0,0,311,noreligion
160,160,1692,2010,South Korea,ROK,8748356,5224935,0,0,0,13973291,0,0,0.0,101,101,0,0,0,0,0,0,71071.0,71071,0,0,11022677,11022677,0,0,0,29951,30459,0,0,329544,45688,511716,22199939,660563,48214437,48875000,0.179,0.1069,0.0,0.0,0.0,0.2859,0.0,0.0,0.0,0.0,0.0,0.0,0.0,0.0,0,0.0,0.0,0.0015,0.0015,0.0,0.0,0.2255,0.2255,0.0,0.0,0.0,0.0006,0.0006,0.0,0.0,0.0067,0.0009,0.0105,0.4542,0.0135,0.9865,0.9999,0,99,noreligion
161,161,1706,2010,Japan,JPN,1307988,1072810,47680,47680,23840,2499998,0,0,0.0,1000,1000,0,0,0,0,0,0,195001.0,195001,0,0,88035713,88035713,0,23500,2000,108000000,15000,0,1500,120000,295000,12000,12107911,0,211308623,127451704,0.0103,0.0084,0.0004,0.0004,0.0002,0.0196,0.0,0.0,0.0,0.0,0.0,0.0,0.0,0.0,0,0.0,0.0,0.0015,0.0015,0.0,0.0,0.6907,0.6907,0.0,0.0002,0.0,0.8474,0.0001,0.0,0.0,0.0009,0.0023,0.0001,0.095,0.0,1.6580000000000001,1.6578,1,83,shinto
162,162,1719,2010,India,IND,8691861,8926840,2047651,0,8307478,27973830,0,0,0.0,5000,5000,136110500,24019500,0,0,0,0,0.0,160130000,0,0,9241589,9241589,83642,961401054,22322975,0,1684469,0,4908196,0,151021,2904258,3717450,476516,1194523484,1195000000,0.0073,0.0075,0.0017,0.0,0.006999999999999999,0.0234,0.0,0.0,0.0,0.0,0.0,0.1139,0.0201,0.0,0,0.0,0.0,0.0,0.134,0.0,0.0,0.0077,0.0077,0.0001,0.8045,0.0187,0.0,0.0014,0.0,0.0041,0.0,0.0001,0.0024,0.0031,0.0004,0.9996,0.9999,0,313,hinduism
163,163,1727,2010,Bhutan,BHU,3334,2146,0,0,2974,8454,0,0,0.0,0,0,0,0,0,0,0,0,6947.0,6947,525366,58374,0,583740,0,72169,0,0,0,0,0,0,0,22483,196,765,693989,694754,0.0048,0.0031,0.0,0.0,0.0043,0.0122,0.0,0.0,0.0,0.0,0.0,0.0,0.0,0.0,0,0.0,0.0,0.01,0.01,0.7562,0.084,0.0,0.8402,0.0,0.1039,0.0,0.0,0.0,0.0,0.0,0.0,0.0,0.0324,0.0003,0.0011,0.9989,1.0001,0,83,buddhism
164,164,1740,2010,Pakistan,PAK,1258103,772343,0,0,833144,2863590,0,0,0.0,0,0,136736508,24129972,0,0,0,0,322935.0,161189415,0,0,96880,96880,5382,3705824,43058,0,73198,0,0,0,2152,182996,163620,120461,168326115,168446576,0.0075,0.0046,0.0,0.0,0.0049,0.017,0.0,0.0,0.0,0.0,0.0,0.8117,0.1432,0.0,0,0.0,0.0,0.0019,0.9569,0.0,0.0,0.0006,0.0006,0.0,0.022000000000000002,0.0003,0.0,0.0004,0.0,0.0,0.0,0.0,0.0011,0.001,0.0007,0.9993,1.0,0,83,islam
165,165,1748,2010,Bangladesh,BNG,147290,88374,0,0,58916,294580,0,0,0.0,177,177,131825165,294581,0,0,0,0,0.0,132119746,0,0,883744,883744,339,13256161,21000,0,9515,0,0,0,3152,522808,116581,62885,147227803,147290688,0.001,0.0006,0.0,0.0,0.0004,0.002,0.0,0.0,0.0,0.0,0.0,0.895,0.002,0.0,0,0.0,0.0,0.0,0.897,0.0,0.0,0.006,0.006,0.0,0.09,0.0001,0.0,0.0001,0.0,0.0,0.0,0.0,0.0035,0.0008,0.0004,0.9996,0.9999,0,99,islam
166,166,1761,2010,Myanmar,MYA,3200000,805000,0,60000,500000,4565000,0,0,0.0,25,25,2450000,0,0,0,0,0,0.0,2450000,0,43983776,0,43983776,853,58808,1593,0,90271,0,3070,107263,119276,7056956,286983,84093,58723875,58807968,0.0544,0.0137,0.0,0.001,0.0085,0.0776,0.0,0.0,0.0,0.0,0.0,0.0417,0.0,0.0,0,0.0,0.0,0.0,0.0417,0.0,0.7479,0.0,0.7479,0.0,0.001,0.0,0.0,0.0015,0.0,0.0001,0.0018,0.002,0.12,0.0049,0.0014,0.9986,0.9999,1,83,buddhism
167,167,1774,2010,Sri Lanka,SRI,220966,1242473,0,22096,10043,1495578,0,0,0.0,0,0,1816110,159755,0,0,0,0,0.0,1975865,2875906,11591582,0,14467488,0,2565831,0,0,0,0,0,0,0,0,9481,75835,20514243,20590078,0.0107,0.0603,0.0,0.0011,0.0005,0.0726,0.0,0.0,0.0,0.0,0.0,0.0882,0.0078,0.0,0,0.0,0.0,0.0,0.096,0.1397,0.563,0.0,0.7026,0.0,0.1246,0.0,0.0,0.0,0.0,0.0,0.0,0.0,0.0,0.0005,0.0037,0.9963,1.0,0,315,buddhism
168,168,1784,2010,Maldives,MAD,554,887,0,0,0,1441,0,0,0.0,0,0,292012,19044,0,0,0,0,0.0,311056,0,0,1331,1331,0,0,0,0,0,0,0,0,0,0,0,3577,313828,317405,0.0017,0.0028,0.0,0.0,0.0,0.0045,0.0,0.0,0.0,0.0,0.0,0.92,0.06,0.0,0,0.0,0.0,0.0,0.98,0.0,0.0,0.0042,0.0042,0.0,0.0,0.0,0.0,0.0,0.0,0.0,0.0,0.0,0.0,0.0,0.0113,0.9887,1.0,0,83,islam
169,169,1798,2010,Nepal,NEP,41940,3349,1378,0,329030,375697,0,0,0.0,0,0,0,0,0,0,0,0,1162370.0,1162370,0,0,2396099,2396099,0,21551492,609,0,1283,0,3214,0,0,942157,50000,11583,26482921,26494504,0.0016,0.0001,0.0001,0.0,0.0124,0.0142,0.0,0.0,0.0,0.0,0.0,0.0,0.0,0.0,0,0.0,0.0,0.0439,0.0439,0.0,0.0,0.0904,0.0904,0.0,0.8134,0.0,0.0,0.0,0.0,0.0001,0.0,0.0,0.0356,0.0019,0.0004,0.9996,0.9999,0,316,hinduism
170,170,1812,2010,Thailand,THI,190694,172023,497,6781,34003,403998,0,0,0.0,200,200,6060012,673334,0,0,0,0,0.0,6733346,0,58580120,0,58580120,0,56000,19500,0,6300,0,0,77000,62000,475000,673334,246674,67086798,67333472,0.0028,0.0026,0.0,0.0001,0.0005,0.006,0.0,0.0,0.0,0.0,0.0,0.09,0.01,0.0,0,0.0,0.0,0.0,0.1,0.0,0.87,0.0,0.87,0.0,0.0008,0.0003,0.0,0.0001,0.0,0.0,0.0011,0.0009,0.0071,0.01,0.0037,0.9963,1.0,0,83,buddhism
171,171,1824,2010,Cambodia,CAM,25047,8202,0,96,23854,57199,0,0,0.0,0,0,274289,19427,0,0,0,0,0.0,293716,47098,14754892,0,14801990,0,0,0,0,0,0,0,0,0,39996,59995,55260,15252896,15308156,0.0016,0.0005,0.0,0.0,0.0016,0.0037,0.0,0.0,0.0,0.0,0.0,0.0179,0.0013,0.0,0,0.0,0.0,0.0,0.0192,0.0031,0.9639,0.0,0.9669,0.0,0.0,0.0,0.0,0.0,0.0,0.0,0.0,0.0,0.0026,0.0039,0.0036,0.9964,0.9999,0,317,buddhism
172,172,1836,2010,Laos,LAO,63397,27549,0,144,1022,92112,0,0,0.0,0,0,55268,6140,0,0,0,0,0.0,61408,45000,4114404,0,4159404,0,0,0,0,52000,0,0,0,15000,1688748,68000,4230,6136672,6140902,0.0103,0.0045,0.0,0.0,0.0002,0.015,0.0,0.0,0.0,0.0,0.0,0.009000000000000001,0.001,0.0,0,0.0,0.0,0.0,0.01,0.0073,0.67,0.0,0.6773,0.0,0.0,0.0,0.0,0.0085,0.0,0.0,0.0,0.0024,0.275,0.0111,0.0007,0.9993,1.0,0,1,buddhism
173,173,1848,2010,Vietnam,DRV,967098,7033441,0,3900,0,8004439,0,0,0.0,0,0,87918,5818,0,0,0,0,0.0,93736,10550162,32529668,0,43079830,0,50000,0,0,325000,0,0,0,820000,3516720,32002160,26139,87891885,87918024,0.011000000000000001,0.08,0.0,0.0,0.0,0.091,0.0,0.0,0.0,0.0,0.0,0.001,0.0001,0.0,0,0.0,0.0,0.0,0.0011,0.12,0.37,0.0,0.49,0.0,0.0006,0.0,0.0,0.0037,0.0,0.0,0.0,0.0093,0.04,0.364,0.0003,0.9997,1.0,0,320,buddhism
174,174,1863,2010,Malaysia,MAL,600749,858334,5852,247720,626103,2338758,0,0,0.0,0,0,15536700,1726300,0,0,0,0,0.0,17263000,0,0,5433600,5433600,0,1698000,0,0,0,0,0,0,710000,775000,50000,31642,28268358,28300000,0.0212,0.0303,0.0002,0.0088,0.0221,0.0826,0.0,0.0,0.0,0.0,0.0,0.5489999999999999,0.061,0.0,0,0.0,0.0,0.0,0.61,0.0,0.0,0.192,0.192,0.0,0.06,0.0,0.0,0.0,0.0,0.0,0.0,0.0251,0.0274,0.0018,0.0011,0.9989,1.0,0,322,islam
175,175,1873,2010,Singapore,SIN,266768,358229,4074,67166,234426,930663,0,0,0.0,300,300,0,0,0,0,0,0,727000.0,727000,0,0,1688506,1688506,0,258053,17564,0,6000,554426,0,0,320000,0,602421,7067,5104933,5112000,0.0522,0.0701,0.0008,0.0131,0.0459,0.1821,0.0,0.0,0.0,0.0001,0.0001,0.0,0.0,0.0,0,0.0,0.0,0.1422,0.1422,0.0,0.0,0.3303,0.3303,0.0,0.0505,0.0034,0.0,0.0012,0.1085,0.0,0.0,0.0626,0.0,0.1178,0.0014,0.9986,1.0001,0,324,buddhism
176,176,1879,2010,Brunei,BRU,1853,5526,0,1642,3341,12362,0,0,0.0,30,30,0,0,0,0,0,0,335000.0,335000,0,0,28848,28848,0,0,0,0,0,0,0,0,15000,15000,4880,995,411120,412115,0.0045,0.0134,0.0,0.004,0.0081,0.03,0.0,0.0,0.0,0.0001,0.0001,0.0,0.0,0.0,0,0.0,0.0,0.8129,0.8129,0.0,0.0,0.07,0.07,0.0,0.0,0.0,0.0,0.0,0.0,0.0,0.0,0.0364,0.0364,0.0118,0.0024,0.9976,1.0,0,83,islam
177,177,1892,2010,Philippines,PHI,7487470,76469863,0,145000,391112,84493445,0,0,0.0,300,300,4604898,460489,0,0,0,0,48384.0,5113771,0,0,105000,105000,0,0,0,0,157000,0,0,0,53000,1093786,858781,222895,91875083,92097978,0.0813,0.8303,0.0,0.0016,0.0042,0.9174,0.0,0.0,0.0,0.0,0.0,0.05,0.005,0.0,0,0.0,0.0,0.0005,0.0555,0.0,0.0,0.0011,0.0011,0.0,0.0,0.0,0.0,0.0017,0.0,0.0,0.0,0.0006,0.0119,0.0093,0.0024,0.9976,0.9999,0,325,christianity
178,178,1903,2010,Indonesia,INS,16797200,7198800,1886,3773,1442867,25444526,0,0,0.0,0,0,199000000,2050000,0,0,0,500000,0.0,201550000,0,0,1919680,1919680,0,3599400,12500,0,21200,0,0,0,2062908,3200000,1800000,349786,239610214,239960000,0.07,0.03,0.0,0.0,0.006,0.106,0.0,0.0,0.0,0.0,0.0,0.8293,0.0085,0.0,0,0.0,0.0021,0.0,0.8399,0.0,0.0,0.008,0.008,0.0,0.015,0.0001,0.0,0.0001,0.0,0.0,0.0,0.0086,0.0133,0.0075,0.0015,0.9985,1.0,0,83,islam
179,179,1905,2010,East Timor,ETM,16916,1088306,0,0,0,1105222,0,0,0.0,0,0,0,0,0,0,0,0,7894.0,7894,0,0,1127,1127,0,0,0,0,0,0,0,0,0,7500,4365,1671,1126108,1127779,0.015,0.965,0.0,0.0,0.0,0.98,0.0,0.0,0.0,0.0,0.0,0.0,0.0,0.0,0,0.0,0.0,0.006999999999999999,0.006999999999999999,0.0,0.0,0.001,0.001,0.0,0.0,0.0,0.0,0.0,0.0,0.0,0.0,0.0,0.0067,0.0039,0.0015,0.9985,1.0001,0,83,christianity
180,180,1919,2010,Australia,AUL,2017577,4340077,616754,3338520,2837742,13150670,0,0,0.0,97335,97335,0,0,0,0,0,0,476290.0,476290,0,0,528977,528977,2450,180000,30000,0,15000,0,0,55000,70000,59000,6636435,98843,21301157,21400000,0.0943,0.2028,0.0288,0.156,0.1326,0.6145,0.0,0.0,0.0,0.0045,0.0045,0.0,0.0,0.0,0,0.0,0.0,0.0223,0.0223,0.0,0.0,0.0247,0.0247,0.0001,0.0084,0.0014,0.0,0.0007,0.0,0.0,0.0026,0.0033,0.0028,0.3101,0.0046,0.9954,1.0,0,326,christianity
181,181,1927,2010,Papua New Guinea,PNG,4132132,1859459,0,137737,482082,6611410,0,0,0.0,813,813,0,0,0,0,0,0,1832.0,1832,0,0,2865,2865,0,0,0,0,34384,0,0,0,3581,171921,35816,24265,6862622,6886887,0.6,0.27,0.0,0.02,0.07,0.96,0.0,0.0,0.0,0.0001,0.0001,0.0,0.0,0.0,0,0.0,0.0,0.0003,0.0003,0.0,0.0,0.0004,0.0004,0.0,0.0,0.0,0.0,0.005,0.0,0.0,0.0,0.0005,0.025,0.0052,0.0035,0.9965,1.0,0,99,christianity
182,182,1941,2010,New Zealand,NEW,692769,673936,7827,752931,234094,2361557,0,0,0.0,4696,4696,0,0,0,0,0,0,48943.0,48943,0,0,91846,91846,0,86698,9922,0,7514,0,0,0,11480,31311,1711677,1846,4365644,4367490,0.1586,0.1543,0.0018,0.1724,0.0536,0.5407,0.0,0.0,0.0,0.0011,0.0011,0.0,0.0,0.0,0,0.0,0.0,0.0112,0.0112,0.0,0.0,0.021,0.021,0.0,0.0199,0.0023,0.0,0.0017,0.0,0.0,0.0,0.0026,0.0072,0.3919,0.0004,0.9996,1.0,0,99,christianity
183,183,1947,2010,Vanuatu,VAN,140012,28968,0,36210,0,205190,0,0,0.0,0,0,0,0,0,0,0,0,0.0,0,0,0,476,476,0,0,0,0,12070,0,0,0,0,10887,8000,4777,236623,241400,0.58,0.12,0.0,0.15,0.0,0.85,0.0,0.0,0.0,0.0,0.0,0.0,0.0,0.0,0,0.0,0.0,0.0,0.0,0.0,0.0,0.002,0.002,0.0,0.0,0.0,0.0,0.05,0.0,0.0,0.0,0.0,0.0451,0.0331,0.0198,0.9802,1.0,0,83,christianity
184,184,1954,2010,Solomon Islands,SOL,203882,101941,0,177055,0,482878,0,0,0.0,0,0,0,0,0,0,0,0,1700.0,1700,0,0,1750,1750,0,0,0,0,3200,0,0,0,0,26826,1700,18479,518054,536533,0.38,0.19,0.0,0.33,0.0,0.9,0.0,0.0,0.0,0.0,0.0,0.0,0.0,0.0,0,0.0,0.0,0.0032,0.0032,0.0,0.0,0.0033,0.0033,0.0,0.0,0.0,0.0,0.006,0.0,0.0,0.0,0.0,0.05,0.0032,0.0344,0.9656,1.0001,0,83,christianity
185,185,1957,2010,Kiribati,KIR,42230,56650,0,0,0,98880,0,0,0.0,0,0,0,0,0,0,0,0,0.0,0,0,0,13,13,0,0,0,0,2060,0,0,0,0,0,1030,1017,101983,103000,0.41,0.55,0.0,0.0,0.0,0.96,0.0,0.0,0.0,0.0,0.0,0.0,0.0,0.0,0,0.0,0.0,0.0,0.0,0.0,0.0,0.0001,0.0001,0.0,0.0,0.0,0.0,0.02,0.0,0.0,0.0,0.0,0.0,0.01,0.0099,0.9901,1.0,0,83,christianity
186,186,1960,2010,Tuvalu,TUV,9664,100,0,0,0,9764,0,0,0.0,0,0,0,0,0,0,0,0,10.0,10,0,0,0,0,0,0,0,0,152,0,0,0,0,0,70,71,9996,10067,0.96,0.0099,0.0,0.0,0.0,0.9699,0.0,0.0,0.0,0.0,0.0,0.0,0.0,0.0,0,0.0,0.0,0.001,0.001,0.0,0.0,0.0,0.0,0.0,0.0,0.0,0.0,0.0151,0.0,0.0,0.0,0.0,0.0,0.006999999999999999,0.0071,0.9929,1.0001,0,83,christianity
187,187,1969,2010,Fiji,FIJ,420000,105000,0,8600,16363,549963,0,0,0.0,0,0,0,0,0,0,0,0,51559.0,51559,0,0,0,0,0,240609,4200,0,2200,0,0,0,0,1400,9042,345,858973,859318,0.4888,0.1222,0.0,0.01,0.019,0.64,0.0,0.0,0.0,0.0,0.0,0.0,0.0,0.0,0,0.0,0.0,0.06,0.06,0.0,0.0,0.0,0.0,0.0,0.28,0.0049,0.0,0.0026,0.0,0.0,0.0,0.0,0.0016,0.0105,0.0004,0.9996,1.0,0,83,christianity
188,188,1972,2010,Tonga,TON,46119,13626,0,2000,37000,98745,0,0,0.0,0,0,0,0,0,0,0,0,0.0,0,0,0,126,126,0,105,0,0,3711,0,0,0,0,5,454,1671,103146,104817,0.44,0.13,0.0,0.0191,0.353,0.9421,0.0,0.0,0.0,0.0,0.0,0.0,0.0,0.0,0,0.0,0.0,0.0,0.0,0.0,0.0,0.0012,0.0012,0.0,0.001,0.0,0.0,0.0354,0.0,0.0,0.0,0.0,0.0,0.0043,0.0159,0.9841,0.9999,0,83,christianity
189,189,1975,2010,Nauru,NAU,6459,3179,0,0,0,9638,0,0,0.0,0,0,0,0,0,0,0,0,0.0,0,0,0,0,0,0,0,0,0,0,0,0,0,0,0,0,299,9638,9937,0.65,0.3199,0.0,0.0,0.0,0.9699,0.0,0.0,0.0,0.0,0.0,0.0,0.0,0.0,0,0.0,0.0,0.0,0.0,0.0,0.0,0.0,0.0,0.0,0.0,0.0,0.0,0.0,0.0,0.0,0.0,0.0,0.0,0.0,0.0301,0.9699,1.0,0,83,christianity
190,190,1979,2010,Marshall Islands,MSI,42561,4910,0,0,3500,50971,0,0,0.0,0,0,0,0,0,0,0,0,0.0,0,0,0,0,0,0,0,0,0,1600,0,0,0,0,700,1200,95,54471,54566,0.78,0.09,0.0,0.0,0.0641,0.9341,0.0,0.0,0.0,0.0,0.0,0.0,0.0,0.0,0,0.0,0.0,0.0,0.0,0.0,0.0,0.0,0.0,0.0,0.0,0.0,0.0,0.0293,0.0,0.0,0.0,0.0,0.0128,0.022000000000000002,0.0017,0.9983,0.9999,0,83,christianity
191,191,1983,2010,Palau,PAL,3700,12891,0,0,1800,18391,0,0,0.0,0,0,0,0,0,0,0,0,470.0,470,0,0,182,182,0,27,0,0,100,0,0,0,53,1800,326,21,21349,21370,0.1731,0.6032,0.0,0.0,0.0842,0.8606,0.0,0.0,0.0,0.0,0.0,0.0,0.0,0.0,0,0.0,0.0,0.022000000000000002,0.022000000000000002,0.0,0.0,0.0085,0.0085,0.0,0.0013,0.0,0.0,0.0047,0.0,0.0,0.0,0.0025,0.0842,0.0153,0.001,0.9990000000000001,1.0001,0,83,christianity
192,192,1987,2010,Federated States of Micronesia,FSM,33500,57500,0,0,5000,96000,0,0,0.0,0,0,0,0,0,0,0,0,0.0,0,0,0,650,650,0,0,0,0,800,0,0,0,333,7500,3500,2188,108783,110971,0.3019,0.5182,0.0,0.0,0.0451,0.8651,0.0,0.0,0.0,0.0,0.0,0.0,0.0,0.0,0,0.0,0.0,0.0,0.0,0.0,0.0,0.0059,0.0059,0.0,0.0,0.0,0.0,0.0072,0.0,0.0,0.0,0.003,0.0676,0.0315,0.0197,0.9803,1.0,0,83,christianity
193,193,1994,2010,Samoa,WSM,139757,35883,0,0,4500,180140,0,0,0.0,0,0,0,0,0,0,0,0,61.0,61,0,0,19,19,0,0,0,0,1001,0,0,0,19,0,2750,4871,183990,188861,0.74,0.19,0.0,0.0,0.0238,0.9538,0.0,0.0,0.0,0.0,0.0,0.0,0.0,0.0,0,0.0,0.0,0.0003,0.0003,0.0,0.0,0.0001,0.0001,0.0,0.0,0.0,0.0,0.0053,0.0,0.0,0.0,0.0001,0.0,0.0146,0.0258,0.9742,1.0,0,83,christianity
