,state,year,majority_religion,pf_religion,pf_religion_estop,pf_religion_harassment,pf_religion_restrictions
0,Zimbabwe,2010,christianity,8.042962962999999,8.333333332999999,8.528888889,7.266666667000001
1,Zimbabwe,2005,christianity,8.1259444444,8.269230768923078,8.680666666699999,7.463888889
2,Zimbabwe,2000,christianity,8.037814814799999,8.205128204846153,8.6413333334,7.338888889
3,Zimbabwe,1995,christianity,7.949685185199999,8.14102564076923,8.6020000001,7.213888889
4,Zimbabwe,1990,christianity,7.8615555556,8.076923076692308,8.5626666668,7.088888889
5,Zimbabwe,1985,christianity,7.773425926,8.012820512615384,8.523333333500002,6.963888889
6,Zimbabwe,1980,christianity,7.685296296399999,7.9487179485384605,8.484000000200004,6.838888889
7,Zimbabwe,1975,christianity,7.5971666668,7.884615384461537,8.444666666900003,6.713888889
8,Zimbabwe,1970,christianity,7.509037037200001,7.820512820384615,8.405333333600003,6.588888889
9,Zimbabwe,1965,animism,7.4209074076,7.756410256307692,8.366000000300001,6.463888889
10,Zambia,2010,christianity,7.205925926,5.833333333,9.028888889,6.755555556
11,Zambia,2005,christianity,7.597222222375,5.833333333,9.950555555571427,7.284722222107144
12,Zambia,2000,christianity,7.479629629750002,5.833333333,9.901111111142855,7.258333333214287
13,Zambia,1995,christianity,7.362037037125,5.833333333,9.851666666714284,7.231944444321429
14,Zambia,1990,christianity,7.244444444500001,5.833333333,9.802222222285714,7.205555555428572
15,Zambia,1985,christianity,7.126851851875,5.833333333,9.752777777857142,7.179166666535715
16,Zambia,1980,christianity,7.009259259249999,5.833333333,9.70333333342857,7.152777777642857
17,Zambia,1975,christianity,6.891666666625,5.833333333,9.653888889,7.12638888875
18,Zambia,1970,christianity,6.774074074,5.833333333,9.60444444457143,7.099999999857143
19,Zambia,1965,christianity,6.656481481375001,5.833333333,9.555000000142856,7.073611110964286
20,Vietnam,2010,buddhism,6.001851852000001,4.166666667,7.355555556,6.483333332999999
21,Vietnam,2005,buddhism,6.4568148146,4.2500000003,8.373777777799999,6.7466666665999995
22,Vietnam,2000,buddhism,6.5043703702,4.3333333336000015,8.447555555600001,6.7322222222
23,Vietnam,1995,noreligion,6.5519259258,4.4166666669,8.521333333400001,6.717777777799999
24,Vietnam,1990,noreligion,6.5994814814,4.5000000002,8.5951111112,6.703333333400001
25,Vietnam,1985,noreligion,6.6470370370000005,4.583333333500001,8.668888889,6.688888888999999
26,Uruguay,2010,christianity,9.938888889,10.0,10.0,9.816666667
27,Uruguay,2005,christianity,9.577407407599999,10.0,9.6566666666,9.0755555554
28,Uruguay,2000,christianity,9.4970370372,10.0,9.4622222222,9.0288888888
29,Uruguay,1995,christianity,9.4166666668,10.0,9.2677777778,8.9822222222
30,Uruguay,1990,christianity,9.3362962964,10.0,9.0733333334,8.935555555599999
31,Uruguay,1985,christianity,9.255925926,10.0,8.878888889,8.888888889
32,Uruguay,1980,christianity,9.175555555599999,10.0,8.6844444446,8.8422222224
33,Uruguay,1975,christianity,9.0951851852,10.0,8.4900000002,8.7955555558
34,Uruguay,1970,christianity,9.0148148148,10.0,8.2955555558,8.7488888892
35,Uruguay,1965,christianity,8.9344444444,10.0,8.1011111114,8.7022222226
36,United Kingdom,2010,christianity,6.997592592999999,8.333333332999999,7.473333332999999,5.186111111000001
37,United Kingdom,2005,christianity,7.4015925924,7.749999999699999,7.9331111113,6.521666667100001
38,United Kingdom,2000,christianity,7.100962962800001,7.1666666663999985,7.948444444600001,6.187777778200001
39,United Kingdom,1995,christianity,6.8003333332,6.5833333331,7.9637777779,5.853888889299999
40,United Kingdom,1990,christianity,6.4997037036,5.999999999799999,7.9791111112,5.5200000004000005
41,United Kingdom,1985,christianity,6.199074073999999,5.4166666664999985,7.994444444500001,5.186111111500001
42,United Kingdom,1980,christianity,5.898444444400001,4.833333333199999,8.0097777778,4.8522222226
43,United Kingdom,1975,christianity,5.5978148148,4.249999999899998,8.0251111111,4.5183333337
44,United Kingdom,1970,christianity,5.2971851852,3.6666666666,8.0404444444,4.1844444448
45,United Kingdom,1965,christianity,4.9965555556000005,3.0833333333,8.055777777700001,3.8505555559
46,United Arab Emirates,2010,islam,5.6774074070000005,2.916666667,9.26,4.8555555560000005
47,United Arab Emirates,2005,islam,5.8721111114,2.8750000002999996,9.442444444400001,5.2988888885000005
48,United Arab Emirates,2000,islam,5.870518518799999,2.8333333336,9.2248888888,5.553333332999999
49,United Arab Emirates,1995,islam,5.868925926199998,2.7916666669,9.0073333332,5.8077777775
50,United Arab Emirates,1990,islam,5.8673333336,2.7500000002,8.7897777776,6.062222222000001
51,United Arab Emirates,1985,islam,5.865740741000001,2.7083333335,8.572222222,6.3166666665
52,United Arab Emirates,1980,islam,5.864148148399999,2.6666666668,8.3546666664,6.5711111110000004
53,Ukraine,2010,christianity,8.142962962999999,10.0,7.762222222,6.666666667
54,Ukraine,2005,christianity,8.7001481484,10.0,8.131555556,7.9688888893
55,Ukraine,2000,christianity,8.666592592799999,10.0,8.067555556,7.932222222600001
56,Ukraine,1995,christianity,8.633037037200001,10.0,8.003555556,7.8955555559000015
57,Uganda,2010,christianity,6.970740741,5.416666667,7.717777777999999,7.777777778
58,Uganda,2005,christianity,7.191740740299999,5.1250000003,8.5568888885,7.893333332999999
59,Uganda,2000,christianity,6.8919999996,4.833333333600001,8.389333333,7.453333333
60,Uganda,1995,christianity,6.5922592588999995,4.5416666669,8.2217777775,7.013333332999999
61,Uganda,1990,christianity,6.2925185182000005,4.2500000002,8.054222222,6.573333333
62,Uganda,1985,christianity,5.9927777775,3.9583333335,7.8866666665,6.133333333
63,Turkey,2010,islam,5.646851852,4.166666667,7.315555556,5.458333333
64,Turkey,2005,islam,5.8402407410000015,4.5000000003,7.889333333,5.1313888889
65,Turkey,2000,islam,5.908814815,4.833333333600001,7.905333333,4.9877777778
66,Turkey,1995,islam,5.977388889000001,5.1666666669,7.921333333,4.8441666667000005
67,Turkey,1990,islam,6.045962963000001,5.5000000002,7.937333333,4.7005555556
68,Turkey,1985,islam,6.114537037000001,5.8333333335000015,7.953333333,4.5569444445
69,Turkey,1980,islam,6.1831111110000005,6.166666666799999,7.969333333,4.4133333334
70,Turkey,1975,islam,6.251685185,6.5000000001,7.985333333,4.2697222223
71,Turkey,1970,islam,6.320259259000001,6.8333333334000015,8.001333333,4.1261111112
72,Turkey,1965,islam,6.388833333000001,7.166666666699999,8.017333333,3.9825000001
73,Tunisia,2010,islam,4.393148148,1.25,8.182222222,3.747222222
74,Tunisia,2005,islam,5.056777777500002,1.5625,8.9640000003,4.219722222
75,Tunisia,2000,islam,5.452259259000001,1.875,8.9413333336,4.692222222
76,Tunisia,1995,islam,5.847740740500001,2.1875,8.9186666669,5.164722222
77,Tunisia,1990,islam,6.243222222000001,2.5,8.896000000199999,5.637222222
78,Tunisia,1985,islam,6.638703703500002,2.8125,8.8733333335,6.109722222
79,Tunisia,1980,islam,7.034185185,3.125,8.850666666799999,6.582222222
80,Tunisia,1975,islam,7.4296666665,3.4375,8.8280000001,7.0547222220000005
81,Tunisia,1970,islam,7.825148147999999,3.75,8.8053333334,7.527222222000001
82,Trinidad and Tobago,2010,christianity,9.177222222000001,6.25,9.371111111,8.983333333
83,Trinidad and Tobago,2005,christianity,9.312740740599999,7.1875,9.3093333335,9.2038888885
84,Trinidad and Tobago,2000,christianity,9.2643703702,7.5,9.340888889,8.963333333
85,Trinidad and Tobago,1995,christianity,9.215999999800001,7.8125,9.372444444500001,8.7227777775
86,Trinidad and Tobago,1990,christianity,9.1676296294,8.125,9.404,8.482222222
87,Trinidad and Tobago,1985,christianity,9.119259259,8.4375,9.435555555499999,8.2416666665
88,Trinidad and Tobago,1980,christianity,9.0708888886,8.75,9.467111111,8.001111111
89,Trinidad and Tobago,1975,christianity,9.0225185182,9.0625,9.4986666665,7.7605555555
90,Trinidad and Tobago,1970,christianity,8.9741481478,9.375,9.530222222,7.52
91,Trinidad and Tobago,1965,christianity,8.9257777774,9.6875,9.5617777775,7.2794444445
92,Togo,2010,christianity,8.571851852,7.083333333,9.926666667000001,8.705555556
93,Togo,2005,christianity,8.682555555699999,7.187499999678571,9.924,8.8861111108
94,Togo,2000,animism,8.6762222224,7.291666666357143,9.847999999999999,8.788888888599999
95,Togo,1995,christianity,8.6698888891,7.395833333035713,9.772,8.6916666664
96,Togo,1990,christianity,8.6635555558,7.499999999714285,9.696,8.594444444199999
97,Togo,1985,animism,8.6572222225,7.604166666392857,9.62,8.497222222000001
98,Togo,1980,animism,8.650888889199999,7.708333333071427,9.544,8.3999999998
99,Togo,1975,animism,8.6445555559,7.81249999975,9.468,8.3027777776
100,Togo,1970,animism,8.6382222226,7.91666666642857,9.392000000000001,8.2055555554
101,Togo,1965,animism,8.631888889299999,8.020833333107143,9.316,8.108333333200001
102,Thailand,2010,buddhism,7.72962963,8.75,7.911111111,6.527777778
103,Thailand,2005,buddhism,8.0014444444,8.375,8.362666667000001,7.2666666671
104,Thailand,2000,buddhism,7.8288148148,8.0,8.358666667,7.1277777782000005
105,Thailand,1995,buddhism,7.6561851852,7.625,8.354666667,6.988888889299999
106,Thailand,1990,buddhism,7.4835555556,7.25,8.350666667,6.850000000400001
107,Thailand,1985,buddhism,7.310925925999999,6.875,8.346666667000001,6.711111111500001
108,Thailand,1980,buddhism,7.1382962964,6.5,8.342666667,6.572222222600001
109,Thailand,1975,buddhism,6.9656666668,6.125,8.338666667000004,6.4333333337
110,Thailand,1970,buddhism,6.7930370372,5.75,8.334666667,6.294444444800002
111,Thailand,1965,buddhism,6.6204074076,5.375,8.330666667000001,6.155555555900001
112,Tanzania,2010,christianity,7.8014814810000015,8.75,8.726666667,5.927777777999999
113,Tanzania,2005,christianity,7.494222222299999,7.875,9.054888888999999,5.552777777799999
114,Tanzania,2000,christianity,7.1454814816,7.0,8.980888889000003,5.455555555599999
115,Tanzania,1995,christianity,6.796740740900001,6.125,8.906888889000003,5.3583333334
116,Tanzania,1990,christianity,6.4480000001999995,5.25,8.832888889000003,5.2611111112
117,Tajikistan,2010,islam,9.777777777999999,2.5,9.555555556,10.0
118,Tajikistan,2005,islam,9.67268518525,4.375,9.4861111115,9.698611111
119,Tajikistan,2000,islam,9.637654321,5.0,9.462962963333332,9.598148148
120,Tajikistan,1995,islam,9.602623456749999,5.625,9.439814815166669,9.497685185
121,Switzerland,2010,christianity,9.265925926,10.0,8.908888889,8.888888889
122,Switzerland,2005,christianity,8.9938148149,10.0,9.1531111111,7.8283333335
123,Switzerland,2000,christianity,8.9817037038,10.0,9.0662222222,7.878888889
124,Switzerland,1995,christianity,8.9695925927,10.0,8.9793333333,7.9294444445000005
125,Switzerland,1990,christianity,8.9574814816,10.0,8.8924444444,7.979999999999999
126,Switzerland,1985,christianity,8.945370370500003,10.0,8.8055555555,8.0305555555
127,Sweden,2010,christianity,8.884814815,10.0,9.437777778,7.216666667
128,Sweden,2005,christianity,9.350722222600002,9.945652173913043,9.9297777778,8.326666667000001
129,Sweden,2000,christianity,9.195888889199999,9.891304347826088,9.8595555556,8.136666667
130,Sweden,1995,christianity,9.0410555558,9.83695652173913,9.7893333334,7.946666667000001
131,Sweden,1990,christianity,8.8862222224,9.782608695652174,9.7191111112,7.756666667
132,Sweden,1985,christianity,8.731388889000003,9.728260869565217,9.648888889,7.566666667000001
133,Sweden,1980,christianity,8.576555555599999,9.673913043478262,9.5786666668,7.376666667
134,Sweden,1975,christianity,8.4217222222,9.619565217391305,9.5084444446,7.186666667000001
135,Sweden,1970,christianity,8.2668888888,9.565217391304348,9.4382222224,6.996666667
136,Sweden,1965,christianity,8.112055555400001,9.51086956521739,9.3680000002,6.806666667000001
137,Suriname,2010,christianity,6.483888889,8.152173913043477,7.74,5.227777778
138,Suriname,2005,christianity,6.48541666675,7.989130434782608,7.8488888889999995,4.8694444445
139,Suriname,2000,christianity,6.485925926,7.934782608695652,7.885185185333333,4.75
140,Suriname,1995,christianity,6.4864351852499995,7.880434782608695,7.921481481666667,4.6305555555
141,Suriname,1990,christianity,6.486944444500001,7.826086956521738,7.957777778,4.511111111
142,Suriname,1985,christianity,6.48745370375,7.771739130434782,7.994074074333334,4.3916666665
143,Suriname,1980,christianity,6.487962962999999,7.717391304347826,8.030370370666668,4.272222222
144,Suriname,1975,christianity,6.48847222225,7.663043478260869,8.066666667,4.1527777775
145,Sudan,2010,islam,6.618765432000001,7.5,7.930370370666669,4.425925925666666
146,Sudan,2005,islam,6.683148148000001,7.5,7.807777777999999,4.7416666665
147,Sudan,2000,islam,6.704609053333334,7.5,7.766913580444446,4.846913580111112
148,Sudan,1995,islam,6.726069958666668,7.5,7.726049382888888,4.952160493722221
149,Sudan,1990,islam,6.747530864000001,7.5,7.685185185333334,5.057407407333333
150,Sudan,1985,islam,6.768991769333334,7.5,7.644320987777778,5.162654320944443
151,Sudan,1980,islam,6.7904526746666685,7.5,7.603456790222223,5.2679012345555565
152,Sudan,1975,islam,6.8119135800000015,7.5,7.562592592666667,5.373148148166666
153,Sudan,1970,islam,6.8333744853333345,7.5,7.521728395111111,5.4783950617777775
154,Sudan,1965,islam,6.854835390666668,7.5,7.480864197555556,5.583641975388888
155,Sri Lanka,2010,buddhism,8.95,8.333333332999999,10.0,8.516666667
156,Sri Lanka,2005,buddhism,8.8826666666,8.499999999699996,9.608000000399999,8.539999999600001
157,Sri Lanka,2000,buddhism,8.7842222222,8.6666666664,9.4004444448,8.2855555552
158,Sri Lanka,1995,buddhism,8.6857777778,8.833333333099999,9.192888889199999,8.031111110800001
159,Sri Lanka,1990,buddhism,8.5873333334,8.9999999998,8.9853333336,7.7766666664
160,Sri Lanka,1985,buddhism,8.488888889,9.1666666665,8.777777777999999,7.522222222000001
161,Sri Lanka,1980,buddhism,8.3904444446,9.3333333332,8.5702222224,7.2677777776
162,Sri Lanka,1975,buddhism,8.2920000002,9.4999999999,8.3626666668,7.0133333332
163,Sri Lanka,1970,buddhism,8.1935555558,9.6666666666,8.1551111112,6.7588888888
164,Sri Lanka,1965,buddhism,8.0951111114,9.8333333333,7.947555555599999,6.504444444400001
165,Spain,2010,christianity,9.553333333,10.0,9.215555556,9.444444444
166,Spain,2005,christianity,9.6034814815,10.0,9.2437777777,9.5666666668
167,Spain,2000,christianity,9.576962963,10.0,9.1364444444,9.5944444446
168,Spain,1995,christianity,9.5504444445,10.0,9.0291111111,9.6222222224
169,Spain,1990,christianity,9.523925926,10.0,8.9217777778,9.6500000002
170,Spain,1985,christianity,9.4974074075,10.0,8.814444444500001,9.677777778
171,Spain,1980,christianity,9.470888889,10.0,8.7071111112,9.7055555558
172,Spain,1975,christianity,9.4443703705,10.0,8.5997777779,9.733333333600001
173,Spain,1970,christianity,9.417851852,10.0,8.492444444599997,9.7611111114
174,Spain,1965,christianity,9.3913333335,10.0,8.385111111299999,9.788888889199999
175,South Africa,2010,christianity,8.021296296000001,8.75,8.788888888999999,6.525
176,South Africa,2005,christianity,8.114166666900001,8.875,9.1877777779,6.279722221899999
177,South Africa,2000,christianity,8.2125925928,9.0,9.186666666799999,6.451111110799999
178,South Africa,1995,christianity,8.3110185187,9.125,9.1855555557,6.6224999997000005
179,South Africa,1990,christianity,8.4094444446,9.25,9.1844444446,6.7938888886
180,South Africa,1985,christianity,8.507870370500001,9.375,9.183333333499998,6.9652777775
181,South Africa,1980,christianity,8.6062962964,9.5,9.1822222224,7.1366666664
182,South Africa,1975,christianity,8.704722222300001,9.625,9.1811111113,7.308055555299999
183,South Africa,1970,christianity,8.8031481482,9.75,9.1800000002,7.479444444199999
184,South Africa,1965,christianity,8.901574074100003,9.875,9.1788888891,7.6508333331
185,Slovenia,2010,christianity,7.09962963,6.666666667,8.382222222000001,6.25
186,Slovenia,2005,christianity,7.2411111111,6.7500000003,8.3055555558,6.6677777781000005
187,Slovenia,2000,christianity,7.295185185199999,6.8333333336000015,8.333333333599999,6.7188888892000005
188,Singapore,2010,buddhism,4.757777778,4.166666667,7.051111111,3.0555555560000003
189,Singapore,2005,buddhism,5.393666666900001,4.423076923384617,7.8962222222000005,3.689444444
190,Singapore,2000,buddhism,5.7336296298,4.6794871797692315,7.9924444444,4.184444444
191,Singapore,1995,syncretism,6.0735925927,4.935897436153846,8.0886666666,4.679444444
192,Singapore,1990,syncretism,6.4135555555999995,5.192307692538462,8.1848888888,5.174444444
193,Singapore,1985,syncretism,6.7535185185,5.448717948923077,8.281111111,5.669444444
194,Singapore,1980,syncretism,7.0934814814,5.705128205307692,8.377333333200001,6.164444443999998
195,Singapore,1975,syncretism,7.433444444299999,5.961538461692308,8.473555555399999,6.659444443999998
196,Singapore,1970,syncretism,7.773407407200001,6.217948718076923,8.5697777776,7.154444443999998
197,Singapore,1965,syncretism,8.1133703701,6.474358974461539,8.6659999998,7.6494444439999985
198,Sierra Leone,2010,islam,9.944444444,7.580645161290323,9.888888889,10.0
199,Sierra Leone,2005,islam,9.8138888889,7.82258064516129,9.9888888889,9.6388888889
200,Sierra Leone,2000,islam,9.6277777778,7.903225806451613,9.9777777778,9.277777777799999
201,Sierra Leone,1995,islam,9.4416666667,7.983870967741937,9.9666666667,8.9166666667
202,Sierra Leone,1990,islam,9.255555555599999,8.064516129032258,9.9555555556,8.5555555556
203,Sierra Leone,1985,animism,9.0694444445,8.14516129032258,9.9444444445,8.1944444445
204,Sierra Leone,1980,animism,8.8833333334,8.225806451612902,9.9333333334,7.833333333400001
205,Sierra Leone,1975,animism,8.6972222223,8.306451612903226,9.9222222223,7.472222222299999
206,Sierra Leone,1970,animism,8.5111111112,8.387096774193548,9.9111111112,7.1111111112
207,Sierra Leone,1965,animism,8.325000000100001,8.467741935483872,9.9000000001,6.7500000001
208,Seychelles,2010,christianity,9.220740740399998,9.032258064516126,9.688888889,8.4066666668
209,Seychelles,2005,christianity,8.9831481478,9.274193548387096,9.488888889,7.785555555599999
210,Seychelles,2000,christianity,8.903950616933331,9.35483870967742,9.422222222333334,7.578518518533333
211,Seychelles,1995,christianity,8.824753086066666,9.435483870967742,9.355555555666669,7.371481481466668
212,Seychelles,1990,christianity,8.7455555552,9.516129032258064,9.288888888999999,7.164444444400001
213,Seychelles,1985,christianity,8.666358024333332,9.596774193548388,9.222222222333334,6.957407407333332
214,Seychelles,1980,christianity,8.587160493466666,9.677419354838712,9.155555555666668,6.750370370266666
215,Senegal,2010,islam,9.438518519,10.0,9.148888889,9.166666667000001
216,Senegal,2005,islam,8.799481481499999,9.0,9.148444444299999,8.2500000001
217,Senegal,2000,islam,8.178962963,8.0,8.925777777599997,7.6111111112
218,Senegal,1995,islam,7.5584444445,7.0,8.7031111109,6.9722222223
219,Senegal,1990,islam,6.937925926,6.0,8.4804444442,6.3333333334000015
220,Senegal,1985,islam,6.3174074075,5.0,8.2577777775,5.6944444445
221,Senegal,1980,islam,5.696888888999999,4.0,8.035111110799999,5.0555555556
222,Senegal,1975,islam,5.0763703705,3.0,7.8124444441,4.4166666667
223,Senegal,1970,islam,4.4558518519999994,2.0,7.589777777399999,3.7777777778
224,Senegal,1965,islam,3.8353333335,1.0,7.367111110700001,3.1388888888999995
225,Saudi Arabia,2010,islam,6.036666667,0.0,9.593333333,8.516666667
226,Saudi Arabia,2005,islam,6.037592592749999,0.625,9.36555555525,8.1222222225
227,Saudi Arabia,2000,islam,6.037901234666668,0.8333333333333334,9.289629629333334,7.9907407410000015
228,Saudi Arabia,1995,islam,6.038209876583331,1.0416666666666667,9.213703703416666,7.859259259500001
229,Saudi Arabia,1990,islam,6.0385185185,1.25,9.1377777775,7.727777777999999
230,Saudi Arabia,1985,islam,6.038827160416668,1.4583333333333337,9.061851851583334,7.596296296499999
231,Saudi Arabia,1980,islam,6.039135802333332,1.6666666666666667,8.985925925666669,7.464814814999999
232,Saudi Arabia,1975,islam,6.03944444425,1.875,8.909999999750001,7.333333333500001
233,Saudi Arabia,1970,islam,6.039753086166668,2.083333333333333,8.834074073833332,7.201851851999999
234,Rwanda,2010,christianity,7.111666667000001,3.8461538461538463,8.528888889,5.694444444
235,Rwanda,2005,christianity,6.9971296297,4.134615384615385,8.2966666671,5.657222222000001
236,Rwanda,2000,christianity,6.730370370399999,4.230769230769232,8.0377777782,5.342222222
237,Rwanda,1995,christianity,6.4636111111000005,4.326923076923077,7.778888889299999,5.027222222
238,Rwanda,1990,christianity,6.196851851799999,4.4230769230769225,7.5200000004,4.712222221999999
239,Rwanda,1985,christianity,5.9300925924999985,4.519230769230768,7.2611111115,4.397222222
240,Rwanda,1980,christianity,5.663333333200001,4.615384615384615,7.0022222225999995,4.082222222
241,Rwanda,1975,christianity,5.3965740739,4.711538461538462,6.743333333700002,3.767222222
242,Rwanda,1970,christianity,5.1298148146,4.807692307692308,6.4844444448,3.452222222
243,Rwanda,1965,christianity,4.8630555553,4.903846153846153,6.225555555900001,3.137222222
244,Romania,2010,christianity,9.392222222000001,10.0,9.704444444,8.472222222000001
245,Romania,2005,christianity,8.9357407404,9.25,9.261111110799998,8.2961111112
246,Romania,2000,christianity,8.464074073799999,8.5,9.1888888886,7.703333333400001
247,Romania,1995,christianity,7.9924074072,7.75,9.1166666664,7.1105555555999995
248,Qatar,2010,islam,5.838888889,1.25,9.555555556,6.711111111
249,Qatar,2005,islam,6.73555555575,3.4375,9.5372222225,7.23194444425
250,Portugal,2010,christianity,9.337407407,10.0,9.628888889,8.383333333
251,Portugal,2005,christianity,8.874592593,9.5,9.326000000399999,7.7977777776999995
252,Portugal,2000,christianity,8.593629629999999,9.0,9.196444444800001,7.584444444400001
253,Portugal,1995,christianity,8.312666667,8.5,9.0668888892,7.371111111099999
254,Portugal,1990,christianity,8.031703704,8.0,8.9373333336,7.1577777778
255,Portugal,1985,christianity,7.750740740999999,7.5,8.807777778,6.9444444445
256,Portugal,1980,christianity,7.469777777999999,7.0,8.6782222224,6.7311111112
257,Portugal,1975,christianity,7.1888148150000015,6.5,8.548666666799999,6.517777777899999
258,Portugal,1970,christianity,6.907851852,6.0,8.4191111112,6.3044444446000005
259,Portugal,1965,christianity,6.626888889,5.5,8.2895555556,6.0911111113
260,Poland,2010,christianity,8.330740741,8.75,8.464444444,7.777777778
261,Poland,2005,christianity,8.551074074299999,8.875,8.627111110700001,8.1511111112
262,Poland,2000,christianity,8.5443703706,9.0,8.5697777774,8.063333333400001
263,Poland,1995,christianity,8.5376666669,9.125,8.5124444441,7.9755555556
264,Philippines,2010,christianity,9.262962963,10.0,9.777777777999999,8.011111111
265,Philippines,2005,christianity,9.1925555556,10.0,9.8260000001,7.751666666599999
266,Philippines,2000,christianity,9.0851111112,10.0,9.7631111112,7.492222222200001
267,Philippines,1995,christianity,8.977666666800001,10.0,9.7002222223,7.2327777778
268,Philippines,1990,christianity,8.8702222224,10.0,9.6373333334,6.9733333334
269,Philippines,1985,christianity,8.762777778,10.0,9.574444444500001,6.713888889
270,Philippines,1980,christianity,8.6553333336,10.0,9.5115555556,6.4544444446
271,Philippines,1975,christianity,8.5478888892,10.0,9.4486666667,6.195000000199999
272,Philippines,1970,christianity,8.4404444448,10.0,9.3857777778,5.935555555800001
273,Philippines,1965,christianity,8.3330000004,10.0,9.3228888889,5.6761111114
274,Peru,2010,christianity,6.22037037,5.416666667,7.322222222000001,5.922222222
275,Peru,2005,christianity,6.3727407410999986,5.6250000003,8.042666666399999,5.4505555558
276,Peru,2000,christianity,6.5728888892,5.8333333336000015,8.2119999998,5.6733333336000005
277,Peru,1995,christianity,6.7730370373,6.0416666669,8.3813333332,5.8961111114
278,Peru,1990,christianity,6.973185185399999,6.2500000002,8.5506666666,6.1188888892
279,Peru,1985,christianity,7.1733333335000005,6.4583333335000015,8.719999999999999,6.341666667
280,Peru,1980,christianity,7.3734814816,6.666666666799999,8.8893333334,6.5644444448
281,Peru,1975,christianity,7.5736296297,6.8750000001,9.058666666799999,6.7872222226000005
282,Peru,1970,christianity,7.773777777799999,7.0833333334000015,9.2280000002,7.0100000004
283,Peru,1965,christianity,7.973925925900001,7.291666666699999,9.3973333336,7.232777778200001
284,Paraguay,2010,christianity,8.916666667000001,7.083333333,9.666666667000001,10.0
285,Paraguay,2005,christianity,8.7700000001,7.187499999678571,9.496888888600001,9.629444444299999
286,Paraguay,2000,christianity,8.6940740742,7.291666666357143,9.4004444442,9.3977777776
287,Paraguay,1995,christianity,8.618148148300001,7.395833333035713,9.3039999998,9.166111110900001
288,Paraguay,1990,christianity,8.5422222224,7.499999999714285,9.207555555399999,8.9344444442
289,Paraguay,1985,christianity,8.466296296500001,7.604166666392857,9.111111111,8.7027777775
290,Paraguay,1980,christianity,8.390370370600001,7.708333333071427,9.0146666666,8.471111110799999
291,Paraguay,1975,christianity,8.314444444700001,7.81249999975,8.9182222222,8.2394444441
292,Paraguay,1970,christianity,8.238518518800001,7.91666666642857,8.821777777800001,8.0077777774
293,Paraguay,1965,christianity,8.162592592900001,8.020833333107143,8.7253333334,7.7761111107
294,Panama,2010,christianity,7.3014814810000015,8.333333332999999,9.037777777999999,4.533333333
295,Panama,2005,christianity,7.225259258999999,7.749999999699999,9.4802222221,4.4455555552999995
296,Panama,2000,christianity,6.871259259,7.1666666663999985,9.0893333332,4.3577777776
297,Panama,1995,christianity,6.5172592589999985,6.5833333331,8.6984444443,4.2699999999000005
298,Panama,1990,christianity,6.163259259,5.999999999799999,8.3075555554,4.1822222222
299,Panama,1985,christianity,5.809259258999998,5.4166666664999985,7.9166666664999985,4.0944444445000014
300,Panama,1980,christianity,5.455259259,4.833333333199999,7.5257777776,4.0066666668
301,Panama,1975,christianity,5.101259259,4.249999999899998,7.1348888887,3.9188888891
302,Panama,1970,christianity,4.747259259,3.6666666666,6.7439999998,3.8311111114
303,Panama,1965,christianity,4.393259259,3.0833333333,6.3531111109000005,3.7433333337
304,Pakistan,2010,islam,6.97,4.166666667,9.382222222000001,7.361111111
305,Pakistan,2005,islam,7.221666666799999,4.0000000003,9.250000000099998,8.4150000001
306,Pakistan,2000,islam,6.9785185186000005,3.8333333336,9.2111111112,7.891111111199999
307,Pakistan,1995,islam,6.735370370399999,3.6666666669,9.1722222223,7.367222222300001
308,Pakistan,1990,islam,6.4922222222000014,3.5000000002,9.1333333334,6.8433333334
309,Pakistan,1985,islam,6.249074074,3.3333333335,9.0944444445,6.319444444499999
310,Pakistan,1980,islam,6.005925925800001,3.1666666668000003,9.0555555556,5.795555555599999
311,Pakistan,1975,islam,5.7627777776,3.0000000001,9.016666666699999,5.2716666667
312,Pakistan,1970,islam,5.519629629400001,2.8333333333999997,8.9777777778,4.7477777778
313,Pakistan,1965,islam,5.2764814811999985,2.6666666667000003,8.9388888889,4.2238888889
314,Oman,2010,islam,6.210740741,1.666666667,9.326666667000001,7.638888888999999
315,Oman,2005,islam,6.7784074078000005,2.2500000003,9.6791111113,8.406111111
316,Oman,2000,islam,6.8482962966,2.8333333336,9.5604444446,8.151111111
317,Oman,1995,islam,6.9181851854000005,3.4166666669,9.4417777779,7.8961111110000015
318,Oman,1990,islam,6.988074074199999,4.0000000002,9.3231111112,7.641111111000002
319,Oman,1985,islam,7.0579629630000005,4.583333333500001,9.2044444445,7.386111111
320,Oman,1980,islam,7.127851851800001,5.1666666667999985,9.085777777799999,7.131111111
321,Oman,1975,islam,7.1977407406000005,5.7500000001,8.9671111111,6.876111111
322,Oman,1970,islam,7.267629629400001,6.3333333334000015,8.8484444444,6.621111111
323,Norway,2010,christianity,9.497777778,10.0,9.371111111,9.122222222000001
324,Norway,2005,christianity,9.2101111109,10.0,9.0797777779,8.5505555557
325,Norway,2000,christianity,9.000962962800003,10.0,8.7906666668,8.212222222400001
326,Norway,1995,christianity,8.7918148147,10.0,8.501555555700001,7.8738888891
327,Norway,1990,christianity,8.5826666666,10.0,8.212444444600001,7.5355555558
328,Norway,1985,christianity,8.373518518500001,10.0,7.923333333499999,7.1972222225000015
329,Norway,1980,christianity,8.1643703704,10.0,7.634222222399999,6.858888889199999
330,Norway,1975,christianity,7.9552222223,10.0,7.3451111113,6.520555555900001
331,Norway,1970,christianity,7.746074074199999,10.0,7.056000000199998,6.1822222226
332,Norway,1965,christianity,7.536925926099999,10.0,6.766888889099999,5.8438888893000005
333,Nigeria,2010,islam,8.186666667,6.666666667,8.537777777999999,9.355555556
334,Nigeria,2005,islam,8.2507407404,6.7500000003,8.755555556000001,9.2466666668
335,Nigeria,2000,islam,8.201111110800001,6.8333333336000015,8.815555556,8.9544444446
336,Nigeria,1995,islam,8.1514814812,6.9166666669,8.875555556,8.662222222399999
337,Nigeria,1990,christianity,8.1018518516,7.0000000002,8.935555556,8.3700000002
338,Nigeria,1985,islam,8.052222222000001,7.0833333335000015,8.995555556000001,8.077777778
339,Nigeria,1980,christianity,8.002592592400001,7.166666666799999,9.055555556,7.7855555558
340,Nigeria,1975,islam,7.9529629628,7.2500000001,9.115555556,7.493333333600002
341,Nigeria,1970,islam,7.903333333200001,7.333333333400001,9.175555556,7.2011111113999995
342,Nigeria,1965,islam,7.8537037036,7.416666666699999,9.235555556,6.9088888892
343,Niger,2010,islam,8.068888889,8.333333332999999,8.006666667000001,7.866666667
344,Niger,2005,islam,7.9615925926000015,8.249999999699996,8.022,7.612777778
345,Niger,2000,islam,7.9561481482,8.1666666664,8.204,7.497777778
346,Niger,1995,islam,7.9507037038,8.083333333099999,8.386000000000001,7.382777777999999
347,Niger,1990,islam,7.9452592594,7.999999999799999,8.568,7.267777777999999
348,Niger,1985,islam,7.939814815,7.9166666664999985,8.75,7.152777778
349,Niger,1980,islam,7.934370370599999,7.833333333200001,8.932,7.037777778
350,Niger,1975,islam,7.9289259262,7.7499999999,9.113999999999999,6.922777778
351,Niger,1970,islam,7.9234814818,7.6666666665999985,9.296,6.807777777999999
352,Niger,1965,islam,7.918037037399999,7.583333333300001,9.478,6.692777778
353,Nicaragua,2010,christianity,8.57037037,7.083333333,9.555555556,9.072222222
354,Nicaragua,2005,christianity,8.6194814815,7.3749999997,9.4173333336,9.0661111113
355,Nicaragua,2000,christianity,8.743037037,7.6666666663999985,9.4080000002,9.154444444600001
356,Nicaragua,1995,christianity,8.8665925925,7.9583333331,9.398666666799999,9.242777777899999
357,Nicaragua,1990,christianity,8.990148148,8.2499999998,9.3893333334,9.3311111112
358,Nicaragua,1985,christianity,9.1137037035,8.5416666665,9.38,9.4194444445
359,Nicaragua,1980,christianity,9.237259259,8.833333333199999,9.3706666666,9.5077777778
360,Nicaragua,1975,christianity,9.360814814500001,9.1249999999,9.361333333200001,9.5961111111
361,Nicaragua,1970,christianity,9.48437037,9.4166666666,9.3519999998,9.6844444444
362,Nicaragua,1965,christianity,9.6079259255,9.7083333333,9.3426666664,9.7727777777
363,New Zealand,2010,christianity,9.716666667,10.0,9.888888889,9.261111111
364,New Zealand,2005,christianity,9.601111111400002,10.0,9.1444444442,9.6588888892
365,New Zealand,2000,christianity,9.5225925928,10.0,9.066666666400002,9.5011111114
366,New Zealand,1995,christianity,9.4440740742,10.0,8.9888888886,9.3433333336
367,New Zealand,1990,christianity,9.3655555556,10.0,8.9111111108,9.1855555558
368,New Zealand,1985,christianity,9.287037037000001,10.0,8.833333332999999,9.027777777999999
369,New Zealand,1980,christianity,9.2085185184,10.0,8.755555555199999,8.8700000002
370,New Zealand,1975,christianity,9.1299999998,10.0,8.677777777400001,8.7122222224
371,Netherlands,2010,christianity,7.458703703999999,10.0,7.517777777999999,4.858333333
372,Netherlands,2005,christianity,7.595277778,9.25,8.197777777899999,5.3380555551999995
373,Netherlands,2000,christianity,7.327777778,8.5,8.126666666799997,5.3566666664
374,Netherlands,1995,christianity,7.060277778,7.75,8.0555555557,5.3752777776
375,Netherlands,1990,christianity,6.792777778,7.0,7.984444444599999,5.3938888888
376,Netherlands,1985,christianity,6.525277778,6.25,7.913333333499999,5.4125
377,Netherlands,1980,christianity,6.2577777779999995,5.5,7.842222222399999,5.4311111112
378,Netherlands,1975,christianity,5.990277777999999,4.75,7.7711111113,5.4497222224
379,Netherlands,1970,christianity,5.722777777999999,4.0,7.700000000199998,5.4683333336
380,Netherlands,1965,christianity,5.455277777999999,3.25,7.628888889099999,5.4869444448
381,Nepal,2010,hinduism,9.603333333,10.0,9.548888889,9.261111111
382,Nepal,2005,hinduism,9.6312592594,9.75,9.5448888891,9.5988888891
383,Nepal,2000,hinduism,9.5306666668,9.5,9.5720000002,9.5200000002
384,Nepal,1995,hinduism,9.4300740742,9.25,9.5991111113,9.4411111113
385,Nepal,1990,hinduism,9.3294814816,9.0,9.626222222400001,9.3622222224
386,Nepal,1985,hinduism,9.228888889,8.75,9.653333333500001,9.2833333335
387,Nepal,1980,hinduism,9.1282962964,8.5,9.6804444446,9.2044444446
388,Nepal,1975,hinduism,9.0277037038,8.25,9.7075555557,9.1255555557
389,Nepal,1970,hinduism,8.9271111112,8.0,9.734666666799999,9.0466666668
390,Nepal,1965,hinduism,8.8265185186,7.75,9.761777777899999,8.9677777779
391,Namibia,2010,christianity,8.287407407,7.083333333,8.473333333,9.305555556
392,Namibia,2005,christianity,8.0669629628,7.1249999997,8.398666666799999,8.677222222000001
393,Namibia,2000,christianity,7.8757777776,7.1666666663999985,8.228444444600001,8.232222222
394,Namibia,1995,christianity,7.6845925924000005,7.2083333331,8.0582222224,7.787222222
395,Namibia,1990,christianity,7.4934074072,7.2499999998,7.8880000002,7.342222222
396,Myanmar,2010,buddhism,9.310555556,3.8461538461538463,9.037777777999999,9.583333332999999
397,Myanmar,2005,buddhism,9.4896296299,4.134615384615385,9.328888888599998,9.94
398,Myanmar,2000,buddhism,9.312592592800002,4.230769230769232,9.3244444442,9.88
399,Myanmar,1995,buddhism,9.135555555700002,4.326923076923077,9.319999999799998,9.82
400,Myanmar,1990,buddhism,8.9585185186,4.4230769230769225,9.3155555554,9.76
401,Myanmar,1985,buddhism,8.7814814815,4.519230769230768,9.311111111,9.7
402,Myanmar,1980,buddhism,8.6044444444,4.615384615384615,9.306666666599998,9.64
403,Myanmar,1975,buddhism,8.4274074073,4.711538461538462,9.302222222200001,9.58
404,Myanmar,1970,buddhism,8.2503703702,4.807692307692308,9.2977777778,9.52
405,Myanmar,1965,buddhism,8.073333333099999,4.903846153846153,9.2933333334,9.46
406,Mozambique,2010,christianity,7.917037037,7.083333333,9.262222222,7.405555556
407,Mozambique,2005,christianity,7.6365925926,6.6249999997,8.7264444448,7.558333333299999
408,Mozambique,2000,christianity,7.280222222199999,6.1666666663999985,8.6573333336,7.0166666666
409,Mozambique,1995,christianity,6.923851851799999,5.7083333331,8.5882222224,6.4749999999000005
410,Mozambique,1990,animism,6.5674814814,5.2499999998,8.5191111112,5.9333333332
411,Mozambique,1985,animism,6.211111110999999,4.791666666499999,8.45,5.3916666665
412,Morocco,2010,islam,6.3555555560000005,1.25,9.666666667000001,8.15
413,Morocco,2005,islam,6.2087777777,1.5625,9.6475555554,6.9649999999
414,Morocco,2000,islam,6.5064444444000005,1.875,9.5728888888,7.1688888888
415,Morocco,1995,islam,6.8041111111,2.1875,9.4982222222,7.3727777777
416,Morocco,1990,islam,7.101777777800001,2.5,9.4235555556,7.5766666665999995
417,Morocco,1985,islam,7.3994444445,2.8125,9.348888889,7.780555555499999
418,Morocco,1980,islam,7.6971111112,3.125,9.2742222224,7.9844444444
419,Morocco,1975,islam,7.994777777899999,3.4375,9.1995555558,8.188333333300001
420,Morocco,1970,islam,8.292444444600001,3.75,9.1248888892,8.392222222200001
421,Montenegro,2010,christianity,7.5605555560000015,6.25,8.504444443999999,6.6166666670000005
422,Mongolia,2010,buddhism,8.512962963,5.833333333,9.888888889,9.816666667
423,Mongolia,2005,buddhism,8.2996296296,5.7499999997,9.7677777778,9.3811111114
424,Mongolia,2000,buddhism,8.049259259200001,5.6666666663999985,9.5355555556,8.9455555558
425,Mongolia,1995,buddhism,7.7988888888,5.5833333331,9.3033333334,8.5100000002
426,Mongolia,1990,buddhism,7.548518518400002,5.4999999998,9.0711111112,8.074444444600001
427,Mongolia,1985,buddhism,7.298148148000001,5.4166666664999985,8.838888889,7.6388888889999995
428,Moldova,2010,christianity,8.586666667000001,5.625,9.073333332999999,8.1
429,Moldova,2005,christianity,8.6943888885,6.09375,9.238444444,8.1572222218
430,Moldova,2000,christianity,8.569333333,6.25,9.032444444,8.119999999600001
431,Mexico,2010,christianity,6.87,7.083333333,8.76,4.766666667
432,Mexico,2005,christianity,7.1856666667999995,7.1249999997,9.3164444443,5.1155555555
433,Mexico,2000,christianity,7.2794814815999995,7.1666666663999985,9.3017777776,5.37
434,Mexico,1995,christianity,7.3732962963999995,7.2083333331,9.2871111109,5.624444444500001
435,Mexico,1990,christianity,7.4671111112,7.2499999998,9.2724444442,5.878888889000001
436,Mexico,1985,christianity,7.560925925999999,7.2916666664999985,9.2577777775,6.1333333335
437,Mexico,1980,christianity,7.654740740799999,7.333333333200001,9.243111110800001,6.387777777999999
438,Mexico,1975,christianity,7.748555555599999,7.3749999999,9.228444444099999,6.6422222225
439,Mexico,1970,christianity,7.842370370399999,7.416666666599999,9.2137777774,6.896666667000001
440,Mexico,1965,christianity,7.9361851851999985,7.458333333300001,9.1991111107,7.151111111500001
441,Mauritius,2010,hinduism,9.309259259,8.333333332999999,9.777777777999999,9.816666667
442,Mauritius,2005,hinduism,8.9474444448,7.999999999699999,9.840666667,9.0016666669
443,Mauritius,2000,hinduism,8.5822962966,7.6666666663999985,9.754666667,8.325555555800001
444,Mauritius,1995,hinduism,8.2171481484,7.3333333331,9.668666667,7.649444444699999
445,Mauritius,1990,hinduism,7.852000000199999,6.999999999799999,9.582666667,6.9733333335999985
446,Mauritius,1985,hinduism,7.486851852000001,6.6666666664999985,9.496666667000001,6.2972222224999985
447,Mauritius,1980,hinduism,7.1217037038,6.333333333200001,9.410666667000001,5.6211111113999985
448,Mauritania,2010,islam,6.25,2.916666667,9.444444444,6.388888889
449,Mauritania,2005,islam,6.853296296400001,3.6250000002999996,9.814888889,7.1199999998
450,Mauritania,2000,islam,7.030666666799999,4.3333333336,9.740888888999999,7.0177777776
451,Mauritania,1995,islam,7.2080370372,5.0416666668999985,9.666888888999999,6.915555555399999
452,Mauritania,1990,islam,7.385407407600001,5.7500000002,9.592888889,6.8133333332
453,Mauritania,1985,islam,7.562777778000001,6.4583333335000015,9.518888889,6.711111111
454,Mauritania,1980,islam,7.7401481484,7.166666666799999,9.444888889,6.6088888888
455,Mauritania,1975,islam,7.9175185188000015,7.8750000001,9.370888889,6.506666666599999
456,Mauritania,1970,islam,8.0948888892,8.5833333334,9.296888889,6.4044444444
457,Mauritania,1965,islam,8.2722592596,9.2916666667,9.222888889,6.3022222222
458,Malta,2010,christianity,7.371851852000001,10.0,8.504444443999999,3.611111111
459,Malta,2005,christianity,7.6761851849000005,9.75,8.8479999999,4.4305555557
460,Malta,2000,christianity,7.779037036799999,9.5,8.8648888888,4.9722222224
461,Malta,1995,christianity,7.881888888700002,9.25,8.8817777777,5.5138888890999995
462,Malta,1990,christianity,7.9847407405999995,9.0,8.8986666666,6.055555555800001
463,Malta,1985,christianity,8.0875925925,8.75,8.9155555555,6.597222222499999
464,Malta,1980,christianity,8.1904444444,8.5,8.9324444444,7.1388888891999995
465,Malta,1975,christianity,8.293296296300001,8.25,8.9493333333,7.680555555900001
466,Mali,2010,islam,6.707037037,8.333333332999999,7.948888889,3.838888889
467,Mali,2005,islam,6.6229999998,7.749999999699999,8.588444444599999,3.5305555560000004
468,Mali,2000,islam,6.3237777776,7.1666666663999985,8.3991111112,3.4055555560000004
469,Mali,1995,islam,6.024555555399999,6.5833333331,8.2097777778,3.2805555560000004
470,Mali,1990,islam,5.725333333200001,5.999999999799999,8.020444444399999,3.1555555560000004
471,Mali,1985,islam,5.426111111,5.4166666664999985,7.831111110999999,3.0305555560000004
472,Mali,1980,islam,5.1268888888,4.833333333199999,7.6417777776,2.9055555560000004
473,Mali,1975,islam,4.827666666600001,4.249999999899998,7.452444444199999,2.7805555560000004
474,Mali,1970,islam,4.5284444444,3.6666666666,7.263111110800001,2.655555556
475,Malaysia,2010,islam,7.256111111,4.583333333,9.593333333,7.591666667
476,Malaysia,2005,islam,7.4232777778,4.5982142853928565,9.4426666663,7.8488888887
477,Malaysia,2000,islam,7.546555555599999,4.613095237785713,9.4408888886,7.825555555399999
478,Malaysia,1995,islam,7.669833333400001,4.627976190178571,9.4391111109,7.8022222221
479,Malaysia,1990,islam,7.7931111112,4.642857142571429,9.4373333332,7.7788888888
480,Malaysia,1985,islam,7.916388888999999,4.6577380949642855,9.435555555499999,7.755555555499999
481,Malaysia,1980,islam,8.039666666799999,4.672619047357141,9.4337777778,7.7322222222
482,Malaysia,1975,islam,8.162944444599999,4.68749999975,9.4320000001,7.7088888889
483,Malaysia,1970,islam,8.2862222224,4.702380952142857,9.4302222224,7.6855555556
484,Malaysia,1965,islam,8.4095000002,4.7172619045357145,9.4284444447,7.6622222223000005
485,Malawi,2010,christianity,8.181111111,4.821428571285714,8.584444443999999,7.777777778
486,Malawi,2005,christianity,8.661574073999999,4.866071428464285,9.0788888893,8.498333333600003
487,Malawi,2000,christianity,8.537037037000001,4.880952380857144,9.1022222226,8.4800000002
488,Malawi,1995,christianity,8.4125,4.89583333325,9.1255555559,8.4616666668
489,Malawi,1990,christianity,8.287962963,4.9107142856428565,9.1488888892,8.4433333334
490,Malawi,1985,christianity,8.163425926,4.925595238035714,9.1722222225,8.425
491,Malawi,1980,christianity,8.038888888999999,4.940476190428571,9.1955555558,8.4066666666
492,Malawi,1975,christianity,7.914351852,4.955357142821429,9.2188888891,8.388333333199999
493,Malawi,1970,christianity,7.7898148150000015,4.9702380952142855,9.2422222224,8.369999999800001
494,Malawi,1965,christianity,7.665277777999999,4.985119047607143,9.2655555557,8.3516666664
495,Madagascar,2010,christianity,8.348148148,5.416666667,10.0,9.627777777999999
496,Madagascar,2005,christianity,7.9668148149,5.8750000003,9.7259999996,8.2994444447
497,Madagascar,2000,christianity,8.0077037038,6.3333333336000015,9.6075555552,8.0822222224
498,Madagascar,1995,christianity,8.0485925927,6.7916666669,9.4891111108,7.8650000001
499,Madagascar,1990,christianity,8.0894814816,7.2500000002,9.3706666664,7.6477777778
500,Madagascar,1985,christianity,8.1303703705,7.7083333335000015,9.252222222,7.4305555555
501,Madagascar,1980,christianity,8.171259259400001,8.166666666800001,9.1337777776,7.2133333332000005
502,Madagascar,1975,animism,8.2121481483,8.6250000001,9.015333333200001,6.9961111109
503,Madagascar,1970,christianity,8.2530370372,9.0833333334,8.8968888888,6.7788888886
504,Madagascar,1965,animism,8.2939259261,9.5416666667,8.7784444444,6.5616666663
505,Luxembourg,2010,christianity,8.550555556,10.0,9.14,7.961111111
506,Luxembourg,2005,christianity,8.0872592589,10.0,9.0528888893,6.9688888886
507,Luxembourg,2000,christianity,8.1300740738,10.0,9.0502222226,6.904444444199999
508,Luxembourg,1995,christianity,8.1728888887,10.0,9.0475555559,6.8399999998
509,Luxembourg,1990,christianity,8.215703703600001,10.0,9.0448888892,6.7755555554
510,Luxembourg,1985,christianity,8.2585185185,10.0,9.0422222225,6.711111110999999
511,Luxembourg,1980,christianity,8.3013333334,10.0,9.0395555558,6.6466666666
512,Luxembourg,1975,christianity,8.3441481483,10.0,9.0368888891,6.5822222222
513,Luxembourg,1970,christianity,8.3869629632,10.0,9.0342222224,6.517777777799998
514,Luxembourg,1965,christianity,8.4297777781,10.0,9.0315555557,6.453333333400001
515,Lithuania,2010,christianity,8.953333333,10.0,9.593333333,7.266666667000001
516,Lithuania,2005,christianity,8.612555556,9.75,9.2193333336,6.868333333400001
517,Lithuania,2000,christianity,8.426592592999999,9.5,9.0320000002,6.7477777778
518,Libya,2010,islam,8.7674814812,7.5,9.4431111108,9.017777778
519,Libya,2005,islam,8.877555555399999,7.5,9.4417777776,9.007777778
520,Libya,2000,islam,8.914246913466666,7.5,9.441333333200001,9.004444444666666
521,Liberia,2010,christianity,9.12638888925,7.5,9.666666667000001,8.58611111125
522,Liberia,2005,christianity,9.1524305559375,7.5,9.666666667000001,8.6381944444375
523,Lesotho,2010,christianity,7.169444444,7.5,8.044444444,6.294444444
524,Lesotho,2005,christianity,7.9478703702999995,7.5,8.3444444445,7.516666666399999
525,Lesotho,2000,christianity,7.8596296296,7.5,8.3,7.3499999998000005
526,Lesotho,1995,christianity,7.7713888889,7.5,8.255555555499999,7.1833333332
527,Lesotho,1990,christianity,7.683148148200001,7.5,8.211111111000001,7.0166666666
528,Lesotho,1985,christianity,7.5949074075,7.5,8.1666666665,6.85
529,Lesotho,1980,christianity,7.506666666799999,7.5,8.122222222000001,6.6833333334
530,Lesotho,1975,christianity,7.4184259261,7.5,8.0777777775,6.516666666800001
531,Lesotho,1970,christianity,7.330185185399999,7.5,8.033333333,6.3500000002000005
532,Lebanon,2010,islam,8.005925926,7.083333333,8.973333333,7.961111111
533,Lebanon,2005,islam,8.141018518500001,7.81249999975,9.0077777775,7.60277777775
534,Lebanon,2000,islam,8.186049382666667,8.055555555333331,9.019259259,7.4833333333333325
535,Lebanon,1995,islam,8.231080246833331,8.298611110916669,9.030740740499999,7.363888888916668
536,Lebanon,1990,islam,8.276111110999999,8.5416666665,9.042222222000001,7.244444444500001
537,Latvia,2010,christianity,7.754259258999999,8.75,8.082222222,6.430555556
538,Latvia,2005,christianity,8.1867777782,8.625,8.946444444499997,6.988888889200001
539,Latvia,2000,christianity,8.0250370374,8.5,8.863999999999997,6.711111111400001
540,Kuwait,2010,islam,7.314814815,4.166666667,8.611111111,9.166666667000001
541,Kuwait,2005,islam,7.1856666668,4.7500000003,8.8286666671,7.978333333099999
542,Kuwait,2000,islam,7.4265185186,5.333333333600001,8.8617777782,8.084444444199999
543,Kuwait,1995,islam,7.6673703704,5.9166666669,8.894888889299999,8.1905555553
544,Kuwait,1985,islam,8.149074074,7.083333333500001,8.9611111115,8.4027777775
545,Kuwait,1980,islam,8.3899259258,7.666666666799999,8.9942222226,8.5088888886
546,Kuwait,1975,islam,8.6307777776,8.2500000001,9.0273333337,8.6149999997
547,Kuwait,1970,islam,8.871629629400001,8.833333333399999,9.0604444448,8.7211111108
548,Kenya,2010,christianity,7.567962962999999,10.0,6.873333333,5.830555556
549,Kenya,2005,christianity,8.0408888887,9.25,7.737111111500001,7.135555555500001
550,Kenya,2000,christianity,7.7595555553999995,8.5,7.818666667,6.960000000000001
551,Kenya,1995,christianity,7.4782222221,7.75,7.9002222225,6.7844444445
552,Kenya,1990,christianity,7.1968888888,7.0,7.981777778,6.608888889
553,Kenya,1985,christianity,6.915555555499999,6.25,8.063333333500001,6.4333333335
554,Kenya,1980,christianity,6.6342222222,5.5,8.144888889,6.2577777779999995
555,Kenya,1975,christianity,6.3528888889,4.75,8.2264444445,6.0822222225
556,Kenya,1970,christianity,6.0715555556,4.0,8.308,5.9066666670000005
557,Kenya,1965,christianity,5.790222222300001,3.25,8.389555555500001,5.7311111115
558,Kazakhstan,2010,islam,7.503888889,7.083333333,8.486666667,6.941666667000001
559,Kazakhstan,2005,islam,7.7268703707,7.1249999997,8.6831111114,7.3725
560,Kazakhstan,2000,islam,7.572074074400001,7.1666666663999985,8.5795555558,6.9700000000000015
561,Kazakhstan,1995,islam,7.417277778099999,7.2083333331,8.476000000199999,6.567500000000001
562,Jordan,2010,islam,4.2907407410000005,1.25,7.366666667,4.255555556
563,Jordan,2005,islam,4.8855925924,1.625,7.991777777899999,5.0400000001
564,Jordan,2000,islam,5.2419259258,2.0,8.1346666668,5.5911111112
565,Jordan,1995,islam,5.5982592592,2.375,8.277555555700001,6.1422222223
566,Jordan,1990,islam,5.954592592599998,2.75,8.420444444600001,6.6933333334
567,Jordan,1985,islam,6.310925926,3.125,8.563333333500001,7.244444444500001
568,Jordan,1980,islam,6.667259259400001,3.5,8.7062222224,7.795555555599999
569,Japan,2010,shinto,7.827407407000001,5.833333333,8.76,8.888888889
570,Japan,2005,shinto,8.369222222100001,6.2499999997,9.260444444400001,9.597222222000001
571,Japan,2000,shinto,8.473259259199999,6.6666666663999985,9.2808888888,9.472222222000001
572,Japan,1995,shinto,8.5772962963,7.0833333331,9.3013333332,9.347222222000001
573,Japan,1990,shinto,8.6813333334,7.4999999998,9.3217777776,9.222222222000001
574,Japan,1985,shinto,8.785370370499999,7.9166666664999985,9.342222222,9.097222222000001
575,Japan,1980,shinto,8.8894074076,8.333333333199999,9.3626666664,8.972222222000001
576,Japan,1975,shinto,8.9934444447,8.7499999999,9.3831111108,8.847222222000001
577,Japan,1970,shinto,9.0974814818,9.1666666666,9.4035555552,8.722222222000001
578,Japan,1965,shinto,9.2015185189,9.5833333333,9.423999999600001,8.597222222000001
579,Jamaica,2010,christianity,9.241111111,8.846153846153848,9.593333333,8.888888889
580,Jamaica,2005,christianity,9.3969259262,9.134615384615383,9.7148888892,8.883888889200001
581,Jamaica,2000,christianity,9.2471851854,9.23076923076923,9.503111111399999,8.601111111400003
582,Jamaica,1995,christianity,9.0974444446,9.326923076923077,9.2913333336,8.3183333336
583,Jamaica,1990,christianity,8.9477037038,9.423076923076923,9.0795555558,8.0355555558
584,Jamaica,1985,christianity,8.797962963,9.51923076923077,8.867777777999999,7.752777778
585,Jamaica,1980,christianity,8.648222222200001,9.615384615384617,8.6560000002,7.470000000200001
586,Jamaica,1975,christianity,8.498481481399999,9.711538461538463,8.4442222224,7.187222222400001
587,Jamaica,1970,christianity,8.3487407406,9.807692307692307,8.2324444446,6.9044444446
588,Italy,2010,christianity,7.298148147999999,10.0,6.988888889,4.905555556
589,Italy,2005,christianity,7.4231481482,9.75,7.555555555800001,4.963888889
590,Italy,2000,christianity,7.2574074074,9.5,7.433333333599999,4.838888889
591,Italy,1995,christianity,7.091666666599999,9.25,7.3111111114,4.713888889
592,Italy,1990,christianity,6.9259259258000005,9.0,7.188888889199999,4.588888889
593,Italy,1985,christianity,6.760185185,8.75,7.066666667000001,4.463888889
594,Italy,1980,christianity,6.5944444442000005,8.5,6.9444444448,4.338888889
595,Italy,1975,christianity,6.4287037034,8.25,6.8222222226,4.213888889
596,Italy,1970,christianity,6.2629629626000005,8.0,6.700000000399999,4.088888889
597,Italy,1965,christianity,6.097222221799999,7.75,6.577777778200001,3.963888889
598,Israel,2010,judaism,9.653703704,10.0,9.333333332999999,9.627777777999999
599,Israel,2005,judaism,9.416629629900001,10.0,9.259333332999999,8.990555555799999
600,Israel,2000,judaism,9.3795555558,10.0,9.185333332999999,8.9533333336
601,Israel,1995,judaism,9.3424814817,10.0,9.111333333,8.9161111114
602,Israel,1990,judaism,9.3054074076,10.0,9.037333333,8.878888889199999
603,Israel,1985,judaism,9.268333333500001,10.0,8.963333333,8.841666666999998
604,Israel,1980,judaism,9.2312592594,10.0,8.889333333,8.8044444448
605,Israel,1975,judaism,9.1941851853,10.0,8.815333333,8.7672222226
606,Israel,1970,judaism,9.1571111112,10.0,8.741333333,8.7300000004
607,Israel,1965,judaism,9.120037037100001,10.0,8.667333333,8.6927777782
608,Ireland,2010,christianity,7.265740741,10.0,6.8,4.997222222
609,Ireland,2005,christianity,6.8777777778,9.75,6.3944444441999995,4.4888888891
610,Ireland,2000,christianity,6.705555555599999,9.5,6.266666666400001,4.3500000002000005
611,Ireland,1995,christianity,6.533333333400001,9.25,6.1388888886,4.2111111113
612,Ireland,1990,christianity,6.3611111112,9.0,6.011111110800001,4.0722222224
613,Ireland,1985,christianity,6.1888888889999984,8.75,5.8833333329999995,3.9333333335
614,Ireland,1980,christianity,6.016666666799999,8.5,5.755555555200001,3.7944444446
615,Ireland,1975,christianity,5.844444444600001,8.25,5.6277777774,3.6555555557
616,Iraq,2010,islam,4.975802469333333,5.833333333333332,5.808888888666665,3.285185185333333
617,Iraq,2005,islam,4.799814815,5.0,6.091111111,3.3083333335000003
618,Iraq,2000,islam,4.7411522635555565,4.722222222222221,6.185185185111111,3.3160493828888886
619,Iraq,1995,islam,4.682489712111111,4.4444444444444455,6.279259259222223,3.323765432277777
620,Iraq,1990,islam,4.623827160666667,4.166666666666666,6.373333333333332,3.3314814816666667
621,Iraq,1985,islam,4.565164609222222,3.888888888888889,6.467407407444444,3.3391975310555555
622,Iraq,1980,islam,4.506502057777778,3.611111111111111,6.561481481555555,3.3469135804444443
623,Iraq,1975,islam,4.447839506333334,3.333333333333333,6.655555555666666,3.3546296298333327
624,Iraq,1970,islam,4.389176954888889,3.055555555555556,6.749629629777777,3.3623456792222224
625,Indonesia,2010,islam,5.44537037,4.166666667,5.922222222,6.247222222
626,Indonesia,2005,islam,5.5580555558,4.2500000003,6.3344444442,6.0897222219
627,Indonesia,2000,islam,5.5503703706,4.3333333336000015,6.2466666663999995,6.0711111108
628,Indonesia,1995,islam,5.5426851854,4.4166666669,6.1588888886,6.052499999699999
629,Indonesia,1990,islam,5.5350000002,4.5000000002,6.0711111108,6.0338888886
630,Indonesia,1975,islam,5.5119444446,4.7500000001,5.8077777774,5.9780555553
631,Indonesia,1970,islam,5.5042592594,4.8333333334,5.719999999600001,5.9594444442
632,Indonesia,1965,islam,5.4965740742,4.9166666667,5.632222221799999,5.9408333331000005
633,India,2010,hinduism,8.37,10.0,9.371111111,5.738888889
634,India,2005,hinduism,8.4172222222,10.0,9.3555555553,5.896111111400001
635,India,2000,hinduism,8.3844444444,10.0,9.3777777776,5.7755555558000005
636,India,1995,hinduism,8.3516666666,10.0,9.3999999999,5.655000000200001
637,India,1990,hinduism,8.3188888888,10.0,9.422222222199998,5.5344444446
638,India,1985,hinduism,8.286111111,10.0,9.4444444445,5.413888889000001
639,India,1980,hinduism,8.2533333332,10.0,9.4666666668,5.293333333400001
640,India,1975,hinduism,8.220555555399999,10.0,9.4888888891,5.1727777777999995
641,India,1970,hinduism,8.187777777600001,10.0,9.5111111114,5.052222222200001
642,India,1965,hinduism,8.154999999800001,10.0,9.5333333337,4.931666666600001
643,Iceland,2010,christianity,8.514444444,9.807692307692307,8.695555556,8.333333332999999
644,Iceland,2005,christianity,8.4114444447,9.23076923076923,8.6624444444,8.138888888599999
645,Iceland,2000,christianity,8.286222222400001,9.038461538461537,8.5848888888,7.944444444199999
646,Iceland,1965,christianity,7.4096666663,7.6923076923076925,8.0419999996,6.583333333400001
647,Hungary,2010,christianity,9.716666667,10.0,9.8,9.35
648,Hungary,2005,christianity,9.5595555555,9.75,9.6342222221,9.2944444444
649,Hungary,2000,christianity,9.452074074,9.5,9.617333333200001,9.2388888888
650,Hungary,1995,christianity,9.3445925925,9.25,9.600444444299999,9.1833333332
651,Honduras,2010,christianity,8.451481481,7.083333333,9.148888889,9.122222222000001
652,Honduras,2005,christianity,8.690222221900001,7.3749999997,9.610666667,9.085
653,Honduras,2000,christianity,8.657111110799999,7.6666666663999985,9.534666667000002,8.77
654,Honduras,1995,christianity,8.6239999997,7.9583333331,9.458666667000001,8.455
655,Honduras,1990,christianity,8.5908888886,8.2499999998,9.382666667,8.14
656,Honduras,1985,christianity,8.5577777775,8.5416666665,9.306666667000002,7.825
657,Honduras,1980,christianity,8.5246666664,8.833333333199999,9.230666667000001,7.51
658,Honduras,1975,christianity,8.4915555553,9.1249999999,9.154666667,7.195
659,Honduras,1970,christianity,8.458444444200001,9.4166666666,9.078666667,6.88
660,Honduras,1965,christianity,8.425333333100001,9.7083333333,9.002666667000002,6.565
661,Haiti,2010,christianity,7.598148148,4.166666667,9.6,9.027777777999999
662,Haiti,2005,christianity,7.9294444448000005,4.293478261195652,9.9666666667,9.1555555555
663,Haiti,2000,christianity,8.0662962966,4.420289855391305,9.9333333334,9.1
664,Haiti,1995,christianity,8.2031481484,4.5471014495869575,9.9000000001,9.0444444445
665,Haiti,1990,christianity,8.3400000002,4.673913043782608,9.866666666799999,8.988888889
666,Haiti,1985,christianity,8.476851852000001,4.800724637978262,9.8333333335,8.9333333335
667,Haiti,1980,christianity,8.6137037038,4.927536232173915,9.800000000199999,8.877777777999999
668,Haiti,1975,christianity,8.7505555556,5.0543478263695665,9.7666666669,8.8222222225
669,Haiti,1970,christianity,8.8874074074,5.1811594205652165,9.733333333600001,8.766666666999999
670,Haiti,1965,christianity,9.024259259199999,5.30797101476087,9.7000000003,8.7111111115
671,Guyana,2010,christianity,9.593888889,6.195652174130435,9.371111111,9.816666667
672,Guyana,2005,christianity,9.760777778200001,6.5760869567173925,9.704888888500001,9.816666667
673,Guyana,2000,christianity,9.771000000399999,6.702898550913043,9.725333333,9.816666667
674,Guyana,1995,christianity,9.7812222226,6.829710145108695,9.7457777775,9.816666667
675,Guyana,1990,christianity,9.7914444448,6.956521739304348,9.766222222,9.816666667
676,Guyana,1985,christianity,9.801666667000001,7.0833333335000015,9.7866666665,9.816666667
677,Guyana,1980,christianity,9.811888889199999,7.210144927695652,9.807111111000001,9.816666667
678,Guyana,1975,christianity,9.8221111114,7.336956521891304,9.8275555555,9.816666667
679,Guyana,1970,christianity,9.8323333336,7.463768116086958,9.847999999999999,9.816666667
680,Guinea-Bissau,2010,animism,8.261666667,8.478260869652175,9.351111111,7.172222222
681,Guinea-Bissau,2005,animism,8.9915370373,8.858695652239131,9.309333333,8.527777777799999
682,Guinea-Bissau,2000,animism,8.941407407600002,8.985507246434782,9.285333332999999,8.3055555556
683,Guinea-Bissau,1995,animism,8.891277777900003,9.112318840630437,9.261333333,8.0833333334
684,Guinea-Bissau,1990,animism,8.8411481482,9.239130434826087,9.237333332999999,7.8611111112
685,Guinea-Bissau,1985,animism,8.7910185185,9.365942029021738,9.213333333,7.6388888889999995
686,Guinea-Bissau,1980,animism,8.7408888888,9.492753623217393,9.189333332999999,7.416666666799999
687,Guinea-Bissau,1975,animism,8.6907592591,9.619565217413042,9.165333333,7.1944444446
688,Guinea,2010,islam,8.578148148,9.0,9.539999999600001,7.1944444444
689,Guinea,2005,islam,8.551111111,9.25,9.3755555552,7.0277777778
690,Guinea,2000,islam,8.542098765333334,9.333333333333334,9.3207407404,6.972222222266668
691,Guinea,1995,islam,8.533086419666668,9.416666666666666,9.2659259256,6.916666666733334
692,Guinea,1990,islam,8.524074074,9.5,9.211111110800001,6.8611111112000005
693,Guatemala,2010,christianity,8.551851852,7.083333333,9.222222222000001,9.35
694,Guatemala,2005,christianity,8.612407407800001,7.3749999997,9.357777778200001,9.1044444446
695,Guatemala,2000,christianity,8.469259259600001,7.6666666663999985,9.1600000004,8.581111111199998
696,Guatemala,1995,christianity,8.326111111400001,7.9583333331,8.9622222226,8.057777777799997
697,Guatemala,1990,christianity,8.182962963200001,8.2499999998,8.7644444448,7.534444444399999
698,Guatemala,1985,christianity,8.039814815,8.5416666665,8.566666667,7.011111110999999
699,Guatemala,1980,christianity,7.8966666668,8.833333333199999,8.368888889199999,6.4877777776
700,Guatemala,1975,christianity,7.7535185186,9.1249999999,8.1711111114,5.9644444442
701,Guatemala,1970,christianity,7.610370370399999,9.4166666666,7.9733333335999985,5.4411111108000005
702,Guatemala,1965,christianity,7.467222222199999,9.7083333333,7.7755555558000005,4.9177777774
703,Greece,2010,christianity,9.157777778,10.0,8.628888889,8.844444444
704,Greece,2005,christianity,9.1221481483,9.75,8.6097777777,9.006666666500003
705,Greece,2000,christianity,9.0065185186,9.5,8.628444444400001,8.891111111
706,Greece,1995,christianity,8.890888888900003,9.25,8.647111111100001,8.775555555499999
707,Greece,1990,christianity,8.7752592592,9.0,8.665777777799999,8.66
708,Greece,1985,christianity,8.659629629500001,8.75,8.684444444499999,8.544444444500003
709,Greece,1980,christianity,8.5439999998,8.5,8.7031111112,8.428888889000001
710,Greece,1975,christianity,8.428370370100001,8.25,8.7217777779,8.313333333500001
711,Greece,1970,christianity,8.312740740399999,8.0,8.7404444446,8.197777777999999
712,Greece,1965,christianity,8.1971111107,7.75,8.7591111113,8.0822222225
713,Ghana,2010,christianity,7.12037037,7.083333333,7.566666667000001,6.711111111
714,Ghana,2005,christianity,7.4497777776,7.3749999997,8.475999999899999,6.498333333100001
715,Ghana,2000,christianity,7.477333333200001,7.6666666663999985,8.3408888888,6.424444444200001
716,Ghana,1995,christianity,7.5048888888,7.9583333331,8.2057777777,6.350555555300001
717,Ghana,1990,christianity,7.5324444444,8.2499999998,8.0706666666,6.2766666664000015
718,Ghana,1985,christianity,7.56,8.5416666665,7.9355555555,6.2027777775
719,Ghana,1980,christianity,7.5875555556,8.833333333199999,7.800444444400001,6.128888888600001
720,Ghana,1975,christianity,7.6151111112,9.1249999999,7.665333333299999,6.054999999700001
721,Ghana,1970,christianity,7.642666666799999,9.4166666666,7.5302222222,5.981111110800001
722,Ghana,1965,christianity,7.6702222224000005,9.7083333333,7.3951111110999985,5.907222221900001
723,Germany,2010,christianity,7.795,8.75,8.526666667,6.108333332999999
724,Germany,2005,christianity,8.0092407412,8.625,8.6524444441,6.7502777776
725,Germany,2000,christianity,7.914962963400001,8.5,8.5915555552,6.653333333200001
726,Germany,1995,christianity,7.8206851855999995,8.375,8.5306666663,6.5563888888
727,Germany,1990,christianity,7.7264074078,8.25,8.469777777400001,6.459444444400001
728,Georgia,2010,christianity,8.62,8.709677419354838,9.695555556,7.544444444
729,Georgia,2005,christianity,8.547944444299999,8.588709677419354,9.5331111112,7.562777777499999
730,Georgia,2000,christianity,8.4397777776,8.548387096774192,9.4373333334,7.442222221999999
731,Georgia,1995,christianity,8.331611110899999,8.508064516129032,9.3415555556,7.3216666665
732,Gabon,2010,christianity,8.12962963,8.333333332999999,7.955555556,8.1
733,Gabon,2005,christianity,8.0853703706,8.249999999699996,8.458888888799999,7.547222222299999
734,Gabon,2000,christianity,7.992962963199999,8.1666666664,8.3066666666,7.505555555599999
735,Gabon,1995,christianity,7.9005555558000005,8.083333333099999,8.154444444400001,7.4638888889
736,Gabon,1990,christianity,7.808148148399999,7.999999999799999,8.0022222222,7.4222222222
737,Gabon,1985,christianity,7.715740740999999,7.9166666664999985,7.85,7.380555555499999
738,Gabon,1980,christianity,7.6233333336,7.833333333200001,7.6977777778,7.3388888888
739,Gabon,1975,christianity,7.530925926199999,7.7499999999,7.545555555599999,7.2972222221
740,Gabon,1970,christianity,7.4385185188,7.6666666665999985,7.393333333399999,7.2555555554
741,Gabon,1965,christianity,7.346111111399999,7.583333333300001,7.241111111199999,7.2138888887000014
742,France,2010,christianity,8.961111111000001,10.0,9.288888888999999,7.594444444
743,France,2005,christianity,9.1081481479,10.0,9.5744444443,7.7500000004
744,France,2000,christianity,8.9740740738,10.0,9.4777777776,7.4444444448
745,France,1995,christianity,8.8399999997,10.0,9.381111110900001,7.1388888891999995
746,France,1990,christianity,8.705925925599999,10.0,9.2844444442,6.8333333336
747,France,1985,christianity,8.5718518515,10.0,9.1877777775,6.527777778
748,France,1980,christianity,8.437777777400001,10.0,9.0911111108,6.2222222224
749,France,1975,christianity,8.3037037033,10.0,8.994444444099999,5.916666666799999
750,France,1970,christianity,8.169629629200001,10.0,8.8977777774,5.6111111112
751,France,1965,christianity,8.0355555551,10.0,8.801111110699997,5.3055555556
752,Finland,2010,christianity,9.244074074,10.0,8.893333333,8.838888889
753,Finland,2005,christianity,9.3056111111,9.732142857142858,9.021555555800001,8.9749999997
754,Finland,2000,christianity,9.2941851852,9.464285714285714,9.0253333336,9.016666666399999
755,Finland,1995,christianity,9.282759259299999,9.196428571428571,9.0291111114,9.0583333331
756,Finland,1990,christianity,9.271333333400001,8.928571428571429,9.032888889199999,9.0999999998
757,Finland,1985,christianity,9.2599074075,8.660714285714286,9.036666667,9.141666666499999
758,Finland,1980,christianity,9.248481481599999,8.392857142857142,9.0404444448,9.1833333332
759,Finland,1975,christianity,9.237055555700001,8.125,9.0442222226,9.2249999999
760,Finland,1970,christianity,9.2256296298,7.857142857142858,9.0480000004,9.266666666599999
761,Finland,1965,christianity,9.214203703899999,7.5892857142857135,9.0517777782,9.3083333333
762,Fiji,2010,christianity,7.295833332999999,5.7142857142857135,8.022222222,6.569444444
763,Fiji,2005,christianity,7.8477222224,4.910714285714286,8.2339999996,7.7666666666
764,Fiji,2000,christianity,7.5926666668,4.642857142857143,8.223555555199999,7.5722222222000015
765,Fiji,1995,christianity,7.3376111112,4.375,8.2131111108,7.3777777777999995
766,Fiji,1990,christianity,7.082555555599999,4.107142857142858,8.202666666399999,7.1833333334
767,Fiji,1985,christianity,6.8275000000000015,3.8392857142857135,8.192222222,6.988888889
768,Fiji,1980,christianity,6.5724444444,3.571428571428571,8.1817777776,6.794444444600001
769,Fiji,1975,christianity,6.3173888888,3.303571428571429,8.1713333332,6.6000000002000005
770,Fiji,1970,christianity,6.062333333200001,3.0357142857142856,8.1608888888,6.4055555558
771,Ethiopia,2010,christianity,7.17,7.083333333,8.871111111,5.555555556
772,Ethiopia,2005,christianity,7.5242962965,7.1249999997,8.985111111,6.4627777778
773,Ethiopia,2000,christianity,7.613777777999999,7.1666666663999985,8.999111111000001,6.675555555599999
774,Ethiopia,1995,christianity,7.7032592595,7.2083333331,9.013111111,6.888333333399999
775,Ethiopia,1990,christianity,7.792740741,7.2499999998,9.027111111,7.1011111112
776,Ethiopia,1985,christianity,7.8822222224999985,7.2916666664999985,9.041111111000001,7.3138888889999984
777,Estonia,2010,noreligion,9.12037037,10.0,9.444444444,7.916666667
778,Estonia,2005,noreligion,9.1455555557,10.0,9.404444444400001,8.0322222226
779,Estonia,2000,noreligion,9.139259259400001,10.0,9.4088888888,8.0088888892
780,El Salvador,2010,christianity,9.005555556000001,7.115384615384616,10.0,8.011111111
781,El Salvador,2005,christianity,8.7488333332,5.961538461538463,9.2537777779,8.367222221899999
782,El Salvador,2000,christianity,8.191555555399999,5.5769230769230775,8.878666666800003,7.751111110799999
783,El Salvador,1995,christianity,7.634277777599999,5.192307692307692,8.5035555557,7.134999999700001
784,El Salvador,1990,christianity,7.0769999998,4.807692307692308,8.128444444600001,6.518888888599999
785,El Salvador,1985,christianity,6.519722222,4.4230769230769225,7.7533333335,5.902777777499999
786,El Salvador,1980,christianity,5.9624444442,4.038461538461538,7.3782222224,5.2866666664
787,El Salvador,1975,christianity,5.4051666664,3.6538461538461537,7.0031111113,4.6705555553
788,El Salvador,1970,christianity,4.8478888886,3.2692307692307687,6.6280000002,4.0544444442000005
789,Ecuador,2010,christianity,8.851851852000001,8.333333332999999,9.888888889,8.333333332999999
790,Ecuador,2005,christianity,8.8487037038,8.499999999699996,10.0,8.046111110799997
791,Ecuador,2000,christianity,8.8085185186,8.6666666664,10.0,7.758888888599999
792,Ecuador,1995,christianity,8.768333333400001,8.833333333099999,10.0,7.471666666399999
793,Ecuador,1990,christianity,8.7281481482,8.9999999998,10.0,7.1844444442
794,Ecuador,1985,christianity,8.687962963,9.1666666665,10.0,6.897222222000001
795,Ecuador,1980,christianity,8.6477777778,9.3333333332,10.0,6.609999999799999
796,Ecuador,1975,christianity,8.6075925926,9.4999999999,10.0,6.3227777776
797,Ecuador,1970,christianity,8.567407407400001,9.6666666666,10.0,6.035555555399999
798,Ecuador,1965,christianity,8.5272222222,9.8333333333,10.0,5.748333333200001
799,Denmark,2010,christianity,9.094074074,10.0,8.948888889,8.333333332999999
800,Denmark,2005,christianity,9.0204444444,9.75,9.0802222225,8.231111110799999
801,Denmark,2000,christianity,8.8808888888,9.5,9.013777778,8.128888888599999
802,Denmark,1995,christianity,8.7413333332,9.25,8.9473333335,8.026666666399999
803,Denmark,1990,christianity,8.6017777776,9.0,8.880888889,7.9244444442
804,Denmark,1985,christianity,8.462222222000001,8.75,8.814444444500001,7.822222222000001
805,Denmark,1980,christianity,8.3226666664,8.5,8.748000000000001,7.719999999800001
806,Denmark,1975,christianity,8.1831111108,8.25,8.681555555500001,7.6177777776
807,Denmark,1970,christianity,8.0435555552,8.0,8.615111111000001,7.515555555400001
808,Denmark,1965,christianity,7.903999999600001,7.75,8.548666666499999,7.413333333200001
809,Cyprus,2010,christianity,8.801851852,10.0,8.577777778,7.827777778
810,Cyprus,2005,christianity,8.850148148199999,9.75,8.960444444,7.839999999800002
811,Cyprus,2000,christianity,8.7614074074,9.5,8.976444444,7.8077777776
812,Cyprus,1995,christianity,8.6726666666,9.25,8.992444444,7.7755555553999995
813,Cyprus,1990,christianity,8.583925925800001,9.0,9.008444444,7.743333333200001
814,Cyprus,1985,christianity,8.495185185,8.75,9.024444444,7.711111111
815,Cyprus,1980,christianity,8.4064444442,8.5,9.040444444,7.6788888887999995
816,Croatia,2010,christianity,7.847777777999999,7.6923076923076925,9.584444443999999,6.1111111110000005
817,Croatia,2005,christianity,8.1774444447,8.26923076923077,9.330444444600001,6.9688888893000005
818,Croatia,2000,christianity,8.318222222400001,8.461538461538463,9.3431111112,7.1822222226
819,Costa Rica,2010,christianity,9.619444443999999,7.6923076923076925,9.888888889,9.35
820,Costa Rica,2005,christianity,9.684500000300002,8.26923076923077,9.7873333337,9.5166666669
821,Costa Rica,2000,christianity,9.6473333336,8.461538461538463,9.7591111114,9.405555555800001
822,Costa Rica,1995,christianity,9.610166666900001,8.653846153846152,9.7308888891,9.2944444447
823,Costa Rica,1990,christianity,9.5730000002,8.846153846153848,9.702666666799999,9.1833333336
824,Costa Rica,1985,christianity,9.5358333335,9.038461538461537,9.6744444445,9.0722222225
825,Costa Rica,1980,christianity,9.4986666668,9.23076923076923,9.6462222222,8.9611111114
826,Costa Rica,1975,christianity,9.4615000001,9.423076923076923,9.6179999999,8.8500000003
827,Costa Rica,1970,christianity,9.4243333334,9.615384615384617,9.5897777776,8.7388888892
828,Costa Rica,1965,christianity,9.387166666699999,9.807692307692307,9.5615555553,8.627777778099999
829,Colombia,2010,christianity,7.877037037000001,8.333333332999999,9.186666667,6.1111111110000005
830,Colombia,2005,christianity,7.290296296299998,7.499999999699999,8.3142222225,6.056666666799999
831,Colombia,2000,christianity,6.887629629599999,6.6666666663999985,8.221777778,5.774444444599999
832,Colombia,1995,christianity,6.484962962899999,5.8333333331,8.1293333335,5.4922222224
833,Colombia,1990,christianity,6.0822962962,4.999999999799999,8.036888889,5.2100000002
834,Colombia,1985,christianity,5.679629629500001,4.1666666664999985,7.9444444445,4.9277777779999985
835,Colombia,1980,christianity,5.2769629628,3.333333333199999,7.852,4.6455555558
836,Colombia,1975,christianity,4.874296296100001,2.499999999899999,7.7595555554999995,4.3633333336
837,Colombia,1970,christianity,4.4716296294000015,1.6666666665999994,7.667111111,4.0811111114
838,Colombia,1965,christianity,4.0689629627000015,0.8333333332999997,7.574666666500001,3.7988888892
839,China,2010,syncretism,5.40962963,0.0,8.495555556000001,7.733333332999999
840,China,2005,syncretism,5.7235925926,1.0,8.680222222300001,7.490555555499999
841,China,2000,syncretism,6.117185185199999,2.0,8.7315555556,7.62
842,China,1995,syncretism,6.5107777778,3.0,8.7828888889,7.749444444500001
843,China,1990,noreligion,6.9043703704,4.0,8.834222222200001,7.878888889
844,China,1985,noreligion,7.297962963,5.0,8.885555555500002,8.0083333335
845,China,1980,noreligion,7.691555555599999,6.0,8.9368888888,8.137777778
846,China,1975,noreligion,8.0851481482,7.0,8.988222222100001,8.2672222225
847,China,1970,syncretism,8.478740740800001,8.0,9.039555555400002,8.396666667
848,China,1965,syncretism,8.8723333334,9.0,9.0908888887,8.526111111499999
849,Chile,2010,christianity,7.852407407,10.0,7.726666667000001,5.830555556
850,Chile,2005,christianity,8.0108888885,9.75,8.090444444700001,6.192222222500001
851,Chile,2000,christianity,8.027333333,9.5,8.2142222224,6.367777778000001
852,Chile,1995,christianity,8.0437777775,9.25,8.3380000001,6.5433333335000015
853,Chile,1990,christianity,8.060222222,9.0,8.4617777778,6.7188888890000005
854,Chile,1985,christianity,8.0766666665,8.75,8.585555555500001,6.8944444445
855,Chile,1980,christianity,8.093111111,8.5,8.7093333332,7.07
856,Chile,1975,christianity,8.1095555555,8.25,8.833111110900001,7.245555555500001
857,Chile,1970,christianity,8.126,8.0,8.9568888886,7.421111111000002
858,Chile,1965,christianity,8.1424444445,7.75,9.080666666299999,7.596666666500001
859,Chad,2010,islam,8.542592593,8.75,8.777777777999999,8.1
860,Chad,2005,islam,8.550555555899999,8.875,8.708888888999999,8.0677777778
861,Chad,2000,islam,8.521481481799999,9.0,8.528888889000001,8.0355555556
862,Chad,1995,islam,8.4924074077,9.125,8.348888889,8.0033333334
863,Chad,1990,islam,8.4633333336,9.25,8.168888889,7.9711111112
864,Chad,1985,islam,8.434259259500001,9.375,7.988888889,7.9388888889999984
865,Chad,1980,islam,8.405185185399999,9.5,7.8088888889999994,7.9066666668
866,Chad,1975,islam,8.376111111299998,9.625,7.628888889,7.874444444600001
867,Chad,1970,islam,8.3470370372,9.75,7.448888889,7.8422222224
868,Chad,1965,islam,8.3179629631,9.875,7.2688888889999985,7.8100000002
869,Canada,2010,christianity,9.657407407,10.0,9.666666667000001,9.305555556
870,Canada,2005,christianity,9.5142962959,9.75,9.649555555800001,9.1433333337
871,Canada,2000,christianity,9.3341481478,9.5,9.5213333336,8.9811111114
872,Canada,1995,christianity,9.1539999997,9.25,9.3931111114,8.8188888891
873,Canada,1990,christianity,8.9738518516,9.0,9.2648888892,8.6566666668
874,Canada,1985,christianity,8.7937037035,8.75,9.136666667,8.494444444500001
875,Canada,1980,christianity,8.6135555554,8.5,9.0084444448,8.332222222199999
876,Canada,1975,christianity,8.433407407299999,8.25,8.8802222226,8.1699999999
877,Canada,1970,christianity,8.2532592592,8.0,8.752000000399999,8.0077777776
878,Canada,1965,christianity,8.0731111111,7.75,8.623777778200001,7.845555555299999
879,Cameroon,2010,christianity,8.555925926,8.75,8.906666667,8.011111111
880,Cameroon,2005,christianity,8.6222592592,8.875,8.9117777774,8.080000000099998
881,Cameroon,2000,christianity,8.5834074074,9.0,8.8791111108,7.8711111111999985
882,Cameroon,1995,christianity,8.544555555599999,9.125,8.8464444442,7.6622222223000005
883,Cameroon,1990,christianity,8.5057037038,9.25,8.8137777776,7.453333333400001
884,Cameroon,1985,christianity,8.466851852000001,9.375,8.781111111,7.244444444499999
885,Cameroon,1980,christianity,8.428000000199999,9.5,8.748444444399999,7.035555555599999
886,Cameroon,1975,christianity,8.389148148399999,9.625,8.7157777778,6.8266666667
887,Cameroon,1970,animism,8.3502962966,9.75,8.683111111199999,6.6177777778
888,Cameroon,1965,animism,8.3114444448,9.875,8.6504444446,6.4088888889
889,Cambodia,2010,buddhism,8.058888889,5.416666667,9.593333333,9.166666667000001
890,Cambodia,2005,buddhism,7.9112962965,5.31250000025,9.51999999975,8.901388889249999
891,Cambodia,2000,buddhism,7.862098765666666,5.277777778,9.495555555333334,8.812962963333334
892,Cambodia,1995,buddhism,7.812901234833332,5.24305555575,9.471111110916668,8.724537037416669
893,Burundi,2010,christianity,7.788333333,9.807692307692307,9.004444443999999,6.572222222000001
894,Burundi,2005,christianity,8.3323888887,9.23076923076923,9.458888889199999,7.257777777999999
895,Burundi,2000,christianity,8.297555555399999,9.038461538461537,9.3111111114,7.387777777999999
896,Burundi,1995,christianity,8.2627222221,8.846153846153848,9.1633333336,7.517777777999999
897,Burundi,1990,christianity,8.2278888888,8.653846153846152,9.0155555558,7.647777777999999
898,Burundi,1985,christianity,8.193055555499999,8.461538461538463,8.867777777999999,7.777777778
899,Burundi,1980,christianity,8.158222222200001,8.26923076923077,8.7200000002,7.907777778
900,Burundi,1975,christianity,8.1233888889,8.076923076923077,8.5722222224,8.037777777999999
901,Burundi,1970,christianity,8.0885555556,7.884615384615384,8.4244444446,8.167777778
902,Burundi,1965,christianity,8.0537222223,7.6923076923076925,8.276666666799999,8.297777778
903,Burkina Faso,2010,islam,8.722592593,7.5,9.406666667,9.261111111
904,Burkina Faso,2005,islam,8.464888888700001,7.5,8.9768888893,8.9177777777
905,Burkina Faso,2000,islam,8.3175555554,7.5,8.8782222226,8.574444444400001
906,Burkina Faso,1995,islam,8.1702222221,7.5,8.7795555559,8.231111111099999
907,Burkina Faso,1990,islam,8.022888888799999,7.5,8.6808888892,7.887777777799999
908,Burkina Faso,1985,islam,7.875555555499999,7.5,8.5822222225,7.544444444500001
909,Burkina Faso,1980,animism,7.728222222199999,7.5,8.483555555799999,7.2011111112
910,Burkina Faso,1975,animism,7.5808888889,7.5,8.384888889099999,6.8577777779
911,Burkina Faso,1970,animism,7.433555555599999,7.5,8.2862222224,6.5144444446000005
912,Burkina Faso,1965,animism,7.286222222299999,7.5,8.187555555700001,6.1711111113
913,Bulgaria,2010,christianity,8.442222222,10.0,8.382222222000001,6.944444444
914,Bulgaria,2005,christianity,7.1803333332,9.0,8.194206349642858,5.85813492075
915,Bulgaria,2000,christianity,6.3825185184,8.0,8.192857143285714,5.9773809525
916,Bulgaria,1995,christianity,5.5847037036,7.0,8.191507936928573,6.096626984249999
917,Bulgaria,1990,christianity,4.7868888888,6.0,8.19015873057143,6.215873016000001
918,Bulgaria,1985,christianity,3.989074074,5.0,8.188809524214285,6.33511904775
919,Brazil,2010,christianity,9.347407407,10.0,8.642222222000001,9.4
920,Brazil,2005,christianity,9.2854999997,9.711538461538463,8.921777778100001,9.033888888700002
921,Brazil,2000,christianity,9.2547037034,9.423076923076923,9.016888889199999,8.9455555554
922,Brazil,1995,christianity,9.2239074071,9.134615384615383,9.1120000003,8.8572222221
923,Brazil,1990,christianity,9.1931111108,8.846153846153848,9.2071111114,8.768888888800001
924,Brazil,1985,christianity,9.1623148145,8.557692307692307,9.3022222225,8.6805555555
925,Brazil,1980,christianity,9.1315185182,8.26923076923077,9.3973333336,8.5922222222
926,Brazil,1975,christianity,9.1007222219,7.980769230769232,9.4924444447,8.5038888889
927,Brazil,1970,christianity,9.0699259256,7.6923076923076925,9.5875555558,8.415555555600001
928,Brazil,1965,christianity,9.0391296293,7.403846153846153,9.682666666900001,8.3272222223
929,Botswana,2010,christianity,8.481481481,7.083333333,9.888888889,8.472222222000001
930,Botswana,2005,christianity,8.4168518519,7.3749999997,9.7077777777,8.1677777775
931,Botswana,2000,christianity,8.4277777778,7.6666666663999985,9.564444444400001,8.052222222000001
932,Botswana,1995,christianity,8.4387037037,7.9583333331,9.4211111111,7.9366666665
933,Botswana,1990,christianity,8.4496296296,8.2499999998,9.277777777799999,7.8211111110000004
934,Botswana,1985,christianity,8.460555555500001,8.5416666665,9.1344444445,7.705555555499999
935,Botswana,1980,animism,8.4714814814,8.833333333199999,8.9911111112,7.59
936,Botswana,1975,animism,8.4824074073,9.1249999999,8.8477777779,7.4744444445000005
937,Botswana,1970,animism,8.4933333332,9.4166666666,8.7044444446,7.358888888999998
938,Bosnia and Herzegovina,2010,christianity,8.08,7.5,8.66,7.5
939,Bosnia and Herzegovina,2005,christianity,8.216314815,7.5,8.7171111109,7.808333332999999
940,Bosnia and Herzegovina,2000,christianity,8.239851852000001,7.5,8.731999999800001,7.933333332999999
941,Bosnia and Herzegovina,1995,christianity,8.263388889,7.5,8.746888888700001,8.058333333
942,Bolivia,2010,christianity,8.573703704,7.083333333,9.704444444,8.933333333
943,Bolivia,2005,christianity,8.1617777776,7.187499999678571,9.7106666665,7.6738888888
944,Bolivia,2000,christianity,8.0613333332,7.291666666357143,9.679111111000001,7.3866666666
945,Bolivia,1995,christianity,7.9608888888,7.395833333035713,9.6475555555,7.0994444444
946,Bolivia,1990,christianity,7.860444444400001,7.499999999714285,9.616,6.8122222222
947,Bolivia,1985,christianity,7.76,7.604166666392857,9.5844444445,6.525
948,Bolivia,1980,christianity,7.659555555599999,7.708333333071427,9.552888889,6.2377777778
949,Bolivia,1975,christianity,7.5591111112,7.81249999975,9.5213333335,5.950555555599999
950,Bolivia,1970,christianity,7.458666666799999,7.91666666642857,9.489777777999999,5.663333333400001
951,Bolivia,1965,christianity,7.358222222399999,8.020833333107143,9.458222222500002,5.3761111112
952,Bhutan,2010,buddhism,7.904444444199999,8.749999999857144,8.951555555799999,6.7400000002
953,Bhutan,2005,buddhism,8.2816666664,9.062499999892855,8.865333333599997,7.4633333334
954,Bhutan,2000,buddhism,8.407407407133332,9.166666666571427,8.836592592866666,7.704444444466668
955,Bhutan,1995,buddhism,8.533148147866667,9.27083333325,8.807851852133334,7.945555555533334
956,Bhutan,1990,buddhism,8.6588888886,9.374999999928573,8.7791111114,8.186666666599999
957,Bhutan,1985,buddhism,8.784629629333331,9.479166666607142,8.75037037066667,8.427777777666666
958,Benin,2010,christianity,8.868148148,7.083333333,9.704444444,9.816666667
959,Benin,2005,christianity,8.842166667099997,7.187499999678571,9.5593333337,9.686666667
960,Benin,2000,christianity,8.8658148152,7.291666666357143,9.5631111114,9.556666667
961,Benin,1995,animism,8.8894629633,7.395833333035713,9.5668888891,9.426666667000001
962,Benin,1990,animism,8.9131111114,7.499999999714285,9.5706666668,9.296666667
963,Benin,1985,animism,8.9367592595,7.604166666392857,9.574444444500001,9.166666667000001
964,Benin,1980,animism,8.9604074076,7.708333333071427,9.5782222222,9.036666667
965,Benin,1975,animism,8.984055555700001,7.81249999975,9.5819999999,8.906666667
966,Benin,1970,animism,9.0077037038,7.91666666642857,9.5857777776,8.776666667
967,Benin,1965,animism,9.0313518519,8.020833333107143,9.5895555553,8.646666667000003
968,Belize,2010,christianity,9.411111111,8.749999999857144,9.888888889,8.933333333
969,Belize,2005,christianity,9.0206481477,9.062499999892855,9.8333333333,8.0211111112
970,Belize,2000,christianity,8.9218518514,9.166666666571427,9.6666666666,7.8033333334
971,Belize,1995,christianity,8.8230555551,9.27083333325,9.4999999999,7.585555555599999
972,Belize,1990,christianity,8.7242592588,9.374999999928573,9.3333333332,7.367777777800001
973,Belize,1985,christianity,8.625462962499999,9.479166666607142,9.1666666665,7.15
974,Belize,1980,christianity,8.526666666199999,9.583333333285717,8.9999999998,6.9322222222
975,Belgium,2010,christianity,8.563703704,10.0,8.657777778,7.033333333
976,Belgium,2005,christianity,7.964999999600001,9.25,8.7811111115,5.863888889200001
977,Belgium,2000,christianity,7.6525925922,8.5,8.746666667000001,5.711111111400001
978,Belgium,1995,christianity,7.3401851848,7.75,8.7122222225,5.5583333336
979,Belgium,1990,christianity,7.0277777774,7.0,8.677777778,5.4055555558
980,Belgium,1985,christianity,6.7153703700000005,6.25,8.643333333500001,5.2527777780000005
981,Belgium,1980,christianity,6.4029629626,5.5,8.608888889000001,5.1000000002000005
982,Belgium,1975,christianity,6.0905555552,4.75,8.574444444500001,4.947222222400001
983,Belgium,1970,christianity,5.7781481478,4.0,8.540000000000001,4.7944444446
984,Belgium,1965,christianity,5.465740740399999,3.25,8.505555555499999,4.6416666668
985,Belarus,2010,christianity,6.267037036666666,3.333333333333333,8.795555555333332,5.507407407333334
986,Belarus,2005,christianity,6.823888888499999,3.75,8.9577777775,6.0166666665
987,Belarus,2000,christianity,7.0095061724444445,3.888888888888889,9.011851851555557,6.186419752888888
988,Belarus,1995,christianity,7.195123456388887,4.027777777777779,9.065925925611113,6.356172839277778
989,Barbados,2010,christianity,9.241111111,5.833333333333334,9.593333333,8.888888889
990,Barbados,2005,christianity,8.997833332999999,6.25,9.5428888892,8.2961111111
991,Barbados,2000,christianity,8.657333333,6.388888888888888,9.1591111114,7.8422222222
992,Barbados,1995,christianity,8.316833333,6.527777777777778,8.7753333336,7.3883333333
993,Barbados,1990,christianity,7.976333332999999,6.666666666666668,8.3915555558,6.9344444444
994,Barbados,1985,christianity,7.635833333,6.8055555555555545,8.007777778000001,6.4805555555000005
995,Barbados,1980,christianity,7.295333332999999,6.9444444444444455,7.624000000200001,6.0266666666
996,Barbados,1975,christianity,6.954833333,7.083333333333334,7.2402222224,5.5727777777
997,Bangladesh,2010,islam,5.782777778,5.833333333,6.051111111,5.463888889
998,Bangladesh,2005,islam,6.205314815,6.2499999997,7.5462222226,4.8197222219
999,Bangladesh,2000,islam,6.344888889,6.6666666663999985,7.6368888892,4.7311111108
1000,Bangladesh,1995,islam,6.4844629629999995,7.0833333331,7.7275555558,4.6424999997
1001,Bangladesh,1990,islam,6.624037037000001,7.4999999998,7.8182222224,4.5538888886
1002,Bangladesh,1985,islam,6.763611111,7.9166666664999985,7.908888889,4.4652777775
1003,Bangladesh,1980,islam,6.903185185,8.333333333199999,7.9995555556,4.3766666664
1004,Bangladesh,1975,islam,7.042759258999999,8.7499999999,8.0902222222,4.2880555553
1005,Bahrain,2010,islam,5.338888889,2.916666667,8.011111111,5.088888889
1006,Bahrain,2005,islam,6.1435555555,2.901785714607142,9.3284444448,5.683333333299999
1007,Bahrain,2000,islam,6.343037036999999,2.8869047622142863,9.3413333336,5.7666666666
1008,Bahrain,1995,islam,6.5425185185000005,2.872023809821429,9.3542222224,5.8499999999000005
1009,Bahrain,1990,islam,6.741999999999999,2.8571428574285718,9.3671111112,5.933333333199999
1010,Bahrain,1985,islam,6.9414814814999986,2.842261905035714,9.38,6.016666666499998
1011,Azerbaijan,2010,islam,6.226481481,3.75,8.404444444,6.525
1012,Azerbaijan,2005,islam,6.624185185499999,4.375,8.603111111499999,6.8944444441
1013,Azerbaijan,2000,islam,6.768740741,5.0,8.550666667,6.7555555552
1014,Azerbaijan,1995,islam,6.9132962965,5.625,8.4982222225,6.6166666663
1015,Austria,2010,christianity,8.349259259,10.0,8.797777778,6.25
1016,Austria,2005,christianity,8.4629259261,10.0,8.7448888893,6.6438888889999985
1017,Austria,2000,christianity,8.5310370372,10.0,8.6942222226,6.898888888999998
1018,Austria,1995,christianity,8.599148148300001,10.0,8.643555555899999,7.153888888999998
1019,Austria,1990,christianity,8.6672592594,10.0,8.5928888892,7.408888889
1020,Austria,1985,christianity,8.7353703705,10.0,8.5422222225,7.663888888999999
1021,Austria,1980,christianity,8.8034814816,10.0,8.4915555558,7.918888889
1022,Austria,1975,christianity,8.871592592699999,10.0,8.4408888891,8.173888889
1023,Austria,1970,christianity,8.9397037038,10.0,8.390222222399997,8.428888889
1024,Austria,1965,christianity,9.0078148149,10.0,8.339555555699999,8.683888888999999
1025,Australia,2010,christianity,9.20037037,10.0,8.851111111,8.75
1026,Australia,2005,christianity,9.2388888888,9.5,8.9577777778,9.2588888887
1027,Australia,2000,christianity,8.9037037036,9.0,8.9155555556,8.7955555554
1028,Australia,1995,christianity,8.568518518400001,8.5,8.8733333334,8.3322222221
1029,Australia,1990,christianity,8.233333333200001,8.0,8.8311111112,7.868888888800001
1030,Australia,1985,christianity,7.898148148000001,7.5,8.788888888999999,7.405555555499999
1031,Australia,1980,christianity,7.5629629627999995,7.0,8.7466666668,6.9422222222
1032,Australia,1975,christianity,7.2277777776,6.5,8.7044444446,6.4788888889
1033,Australia,1970,christianity,6.8925925924,6.0,8.6622222224,6.0155555556
1034,Australia,1965,christianity,6.5574074072,5.5,8.6200000002,5.552222222299999
1035,Armenia,2010,christianity,7.025,5.1923076923076925,8.077777778,5.972222222
1036,Armenia,2005,christianity,7.4075925922,5.769230769230768,8.489777777899999,6.355
1037,Armenia,2000,christianity,7.450740740400001,5.961538461538463,8.5506666668,6.41
1038,Armenia,1995,christianity,7.4938888886,6.153846153846153,8.611555555699999,6.465
1039,Argentina,2010,christianity,9.138518519,10.0,9.593333333,7.822222222000001
1040,Argentina,2005,christianity,8.850333333,10.0,9.390444444,7.160555555799999
1041,Argentina,2000,christianity,8.843259259,10.0,9.336444444,7.1933333336
1042,Argentina,1995,christianity,8.836185185,10.0,9.282444444,7.2261111114
1043,Argentina,1990,christianity,8.829111111,10.0,9.228444443999999,7.2588888892
1044,Argentina,1985,christianity,8.822037037000001,10.0,9.174444444,7.291666666999999
1045,Argentina,1980,christianity,8.814962963000001,10.0,9.120444444,7.3244444448
1046,Argentina,1975,christianity,8.807888888999999,10.0,9.066444444,7.3572222226
1047,Argentina,1970,christianity,8.800814815,10.0,9.012444444,7.3900000004
1048,Argentina,1965,christianity,8.793740741,10.0,8.958444444,7.4227777782
1049,Angola,2010,christianity,6.809814815,4.166666667,8.76,7.502777778
1050,Angola,2005,christianity,6.7139814819,4.2500000003,8.473333333200001,7.4186111112
1051,Angola,2000,christianity,6.5174074077999995,4.3333333336000015,8.2955555554,6.9233333334000005
1052,Angola,1995,christianity,6.3208333337,4.4166666669,8.1177777776,6.428055555599999
1053,Angola,1990,christianity,6.1242592596000005,4.5000000002,7.9399999998,5.9327777778
1054,Angola,1985,christianity,5.9276851855,4.583333333500001,7.762222222,5.4375
1055,Algeria,2010,islam,4.383703704,1.25,7.828888889,4.072222222
1056,Algeria,2005,islam,4.8379259259,2.125,7.9626666663,4.4261111113
1057,Algeria,2000,islam,5.3217777778,3.0,8.1408888886,4.8244444446
1058,Algeria,1995,islam,5.805629629699999,3.875,8.3191111109,5.222777777899999
1059,Algeria,1990,islam,6.289481481599998,4.75,8.4973333332,5.6211111111999985
1060,Algeria,1985,islam,6.773333333499999,5.625,8.675555555499999,6.0194444445
1061,Algeria,1980,islam,7.2571851854,6.5,8.8537777778,6.4177777778
1062,Algeria,1975,islam,7.741037037299999,7.375,9.0320000001,6.816111111100001
1063,Algeria,1970,islam,8.224888889199999,8.25,9.2102222224,7.214444444400001
1064,Algeria,1965,islam,8.708740741099996,9.125,9.388444444700001,7.6127777777
1065,Albania,2010,islam,9.416666667000001,8.75,9.9,8.933333333
1066,Albania,2005,islam,9.195,8.75,9.684444444,8.705555556
1067,Albania,2000,islam,9.195,8.75,9.684444444,8.705555556
1068,Albania,1995,islam,9.195,8.75,9.684444444,8.705555556
1069,Albania,1990,islam,9.195,8.75,9.684444444,8.705555556
1070,Albania,1985,islam,9.195,8.75,9.684444444,8.705555556
