,year,state,code,majority_religion,majority_population,majority_ratio,population,country_code,growth
0,1975,Guinea-Bissau,GNB,animism,370000,0.5901,627000,GNB,7.84558431974445
1,1980,Guinea-Bissau,GNB,animism,429550,0.55,781000,GNB,-15.952651498529804
2,1985,Guinea-Bissau,GNB,animism,460370,0.5298,869000,GNB,4.16649289698363
3,1990,Guinea-Bissau,GNB,animism,510920,0.53,964000,GNB,6.09999998640174
4,1995,Guinea-Bissau,GNB,animism,534500,0.5,1069000,GNB,4.40000000803329
5,2000,Guinea-Bissau,GNB,animism,545850,0.45,1213000,GNB,5.42698736686771
6,2005,Guinea-Bissau,GNB,animism,583440,0.44,1326000,GNB,4.26609893145407
7,2010,Guinea-Bissau,GNB,animism,702000,0.475,1477784,GNB,4.61097090010318
9,1965,Benin,BEN,animism,1567519,0.725,2162000,BEN,5.29386283436426
10,1970,Benin,BEN,animism,1841564,0.6775,2718000,BEN,2.09775757773704
11,1975,Benin,BEN,animism,2075040,0.6668,3112000,BEN,-4.89534544485581
12,1980,Benin,BEN,animism,2204920,0.6369,3462000,BEN,6.78176387161284
13,1985,Benin,BEN,animism,2546170,0.6273,4059000,BEN,7.530324836538769
14,1990,Benin,BEN,animism,2522300,0.5322,4739000,BEN,8.97613436064626
15,1995,Benin,BEN,animism,2308085,0.4265,5412000,BEN,6.045198647744981
24,1965,Burkina Faso,BFO,animism,2996461,0.6563,4566000,BFA,3.76454538057878
25,1970,Burkina Faso,BFO,animism,2963162,0.5861,5056000,BFA,0.117019610899916
26,1975,Burkina Faso,BFO,animism,2990031,0.534,5599000,BFA,2.99838289042407
27,1980,Burkina Faso,BFO,animism,3012900,0.4361,6909000,BFA,0.796878872350675
39,1965,Sierra Leone,SIE,animism,1360240,0.56,2429000,SLE,7.18015579152498
40,1970,Sierra Leone,SIE,animism,1395036,0.5252,2656000,SLE,8.62049323971688
41,1975,Sierra Leone,SIE,animism,1490338,0.5085,2931000,SLE,1.6692165238664498
42,1980,Sierra Leone,SIE,animism,1585640,0.49,3236000,SLE,4.843503756291611
43,1985,Sierra Leone,SIE,animism,1684950,0.47,3585000,SLE,-5.3113404984765715
45,1965,Togo,TOG,animism,1025010,0.63,1627000,TGO,15.4597127060989
46,1970,Togo,TOG,animism,1142395,0.5823,1962000,TGO,2.52430264523538
47,1975,Togo,TOG,animism,1115500,0.5,2231000,TGO,2.44054118481716
48,1980,Togo,TOG,animism,1202900,0.46,2615000,TGO,14.5769561060091
49,1985,Togo,TOG,animism,1320000,0.4359,3028000,TGO,5.5555521685271
50,2000,Togo,TOG,animism,2100000,0.4537,4629000,TGO,-0.7834796058852049
52,1965,Cameroon,CAO,animism,3030120,0.5152,5881000,CMR,2.02605371473777
53,1970,Cameroon,CAO,animism,2640419,0.3993,6612000,CMR,3.0920682359675897
55,1965,Central African Republic,CEN,animism,698760,0.488,1432000,CAF,0.947578712256856
59,1985,Mozambique,MZM,animism,6727000,0.4851,13868000,MOZ,0.999996720794513
60,1990,Mozambique,MZM,animism,6367950,0.45,14151000,MOZ,0.999992833134456
61,1965,Zimbabwe,ZIM,animism,2206000,0.493,4475000,ZWE,4.91057058670192
62,1970,Botswana,BOT,animism,374740,0.6277,597000,BWA,17.1202676706414
63,1975,Botswana,BOT,animism,377360,0.53,712000,BWA,8.446250376228699
64,1980,Botswana,BOT,animism,455940,0.51,894000,BWA,11.9869013810389
66,1965,Madagascar,MAG,animism,2985653,0.4911,6080000,MDG,-0.452253863622587
67,1975,Madagascar,MAG,animism,3800743,0.4887,7778000,MDG,1.25869163449022
79,1985,Mongolia,MON,buddhism,698017,0.3717,1878000,MNG,5.712872261141981
80,1990,Mongolia,MON,buddhism,921911,0.41600000000000004,2216000,MNG,-3.18446017802542
81,1995,Mongolia,MON,buddhism,1145806,0.4882,2347000,MNG,6.376426887327111
82,2000,Mongolia,MON,buddhism,1732962,0.6509999999999999,2662000,MNG,1.14606213683845
83,2005,Mongolia,MON,buddhism,1850000,0.6491,2850000,MNG,7.25366544049683
84,2010,Mongolia,MON,buddhism,1455388,0.53,2746016,MNG,6.3651616848574815
88,1985,Bhutan,BHU,buddhism,1049230,0.7231,1451000,BTN,4.21177503633371
89,1990,Bhutan,BHU,buddhism,1213370,0.7376,1645000,BTN,10.876434690959101
90,1995,Bhutan,BHU,buddhism,1378300,0.7787,1770000,BTN,7.074117277945111
91,2000,Bhutan,BHU,buddhism,1764913,0.8309,2124000,BTN,6.93302423977509
92,2005,Bhutan,BHU,buddhism,551176,0.8202,672000,BTN,7.12255964997142
93,2010,Bhutan,BHU,buddhism,583740,0.8402,694754,BTN,11.730854360336401
97,1965,Myanmar,MYA,buddhism,18305680,0.7559,24218000,MMR,10.6926495101717
98,1970,Myanmar,MYA,buddhism,20862636,0.7717,27034000,MMR,4.97933059716766
99,1975,Myanmar,MYA,buddhism,22929200,0.76,30170000,MMR,4.152709188527879
100,1980,Myanmar,MYA,buddhism,25227750,0.75,33637000,MMR,7.93853808083074
101,1985,Myanmar,MYA,buddhism,29946775,0.775,38641000,MMR,2.85100023868452
102,1990,Myanmar,MYA,buddhism,32049350,0.775,41354000,MMR,2.81693327329167
103,1995,Myanmar,MYA,buddhism,33355000,0.7395,45106000,MMR,6.948051436798751
104,2000,Myanmar,MYA,buddhism,34909000,0.7654,45611000,MMR,13.745930555989899
105,2005,Myanmar,MYA,buddhism,41406500,0.7478,55374000,MMR,13.5689500216101
106,2010,Myanmar,MYA,buddhism,43983776,0.7479,58807968,MMR,9.63443945214466
110,1965,Sri Lanka,SRI,buddhism,7479780,0.67,11164000,LKA,2.53695353505728
111,1970,Sri Lanka,SRI,buddhism,8433620,0.6738,12516000,LKA,3.84662985529307
112,1975,Sri Lanka,SRI,buddhism,9392060,0.6959,13496000,LKA,6.126233165000468
113,1980,Sri Lanka,SRI,buddhism,10050200,0.6815,14747000,LKA,5.8460265156252005
114,1985,Sri Lanka,SRI,buddhism,11160000,0.7045,15842000,LKA,4.999406369154929
115,1990,Sri Lanka,SRI,buddhism,11650720,0.6856,16993000,LKA,6.3999953069393
116,1995,Sri Lanka,SRI,buddhism,12447280,0.6872,18112000,LKA,5.500085232052269
117,2000,Sri Lanka,SRI,buddhism,12985000,0.7594,17100000,LKA,6.000033160143992
118,2005,Sri Lanka,SRI,buddhism,13537599,0.6883,19668000,LKA,6.24174804465225
119,2010,Sri Lanka,SRI,buddhism,14467488,0.7026,20590078,LKA,8.01596737114569
124,1965,Thailand,THI,buddhism,28102750,0.9058,31025000,THA,8.18166153767717
125,1970,Thailand,THI,buddhism,32912056,0.9049,36370000,THA,11.4079490662097
126,1975,Thailand,THI,buddhism,38050790,0.9088,41869000,THA,4.97040522766497
127,1980,Thailand,THI,buddhism,42513380,0.91,46718000,THA,5.17354100571934
128,1985,Thailand,THI,buddhism,45906200,0.89,51580000,THA,4.64724035659334
129,1990,Thailand,THI,buddhism,48579930,0.87,55839000,THA,11.1671634446292
130,1995,Thailand,THI,buddhism,52866890,0.89,59401000,THA,8.12026184388384
131,2000,Thailand,THI,buddhism,53417130,0.87,61399000,THA,4.45567603093122
132,2005,Thailand,THI,buddhism,56409930,0.87,64839000,THA,4.1878349237258
133,2010,Thailand,THI,buddhism,58580120,0.87,67333472,THA,7.513590657975099
142,1995,Cambodia,CAM,buddhism,8360600,0.85,9836000,KHM,9.90346890109402
143,2000,Cambodia,CAM,buddhism,10783820,0.9656,11168000,KHM,10.711994801969697
144,2005,Cambodia,CAM,buddhism,12792905,0.9365,13661000,KHM,13.250086913643598
145,2010,Cambodia,CAM,buddhism,14801990,0.9669,15308156,KHM,5.963078575386961
158,2000,Vietnam,DRV,buddhism,39916000,0.5,79832000,VNM,6.78731640822197
159,2005,Vietnam,DRV,buddhism,41553000,0.5,83106000,VNM,7.547247727228099
160,2010,Vietnam,DRV,buddhism,43079830,0.49,87918024,VNM,6.42323821717494
165,2000,Singapore,SIN,buddhism,1708366,0.4252,4018000,SGP,8.8975444176491
166,2005,Singapore,SIN,buddhism,1698436,0.3721,4565000,SGP,7.48915745881868
167,2010,Singapore,SIN,buddhism,1688506,0.3303,5112000,SGP,15.240377035941501
186,1965,Canada,CAN,christianity,17316559,0.88,19678000,CAN,6.63654513889831
187,1970,Canada,CAN,christianity,17889480,0.84,21297000,CAN,3.25561362030369
188,1975,Canada,CAN,christianity,20097739,0.8685,23142000,CAN,1.82297312948674
189,1980,Canada,CAN,christianity,21554382,0.8792,24516000,CAN,2.16261689071243
190,1985,Canada,CAN,christianity,23296160,0.9014,25843000,CAN,4.7340828446759815
191,1990,Canada,CAN,christianity,24346000,0.8789,27701000,CAN,0.154346036109757
192,1995,Canada,CAN,christianity,24958842,0.8503,29354000,CAN,2.67770843566169
193,2000,Canada,CAN,christianity,25571687,0.821,31147000,CAN,5.18269028580526
194,2005,Canada,CAN,christianity,26057640,0.8067,32300000,CAN,3.20138213653979
195,2010,Canada,CAN,christianity,26431104,0.7661,34500000,CAN,3.08351421988722
210,1975,Cuba,CUB,christianity,6504238,0.7611,8546000,CUB,9.47642606878108
211,1980,Cuba,CUB,christianity,6921580,0.7118,9724000,CUB,-4.84944295218615
212,1985,Cuba,CUB,christianity,7554920,0.7482,10098000,CUB,1.596674599414
213,1990,Cuba,CUB,christianity,7680210,0.7229,10624000,CUB,-2.94856494522188
214,1995,Cuba,CUB,christianity,8524160,0.7763,10980000,CUB,2.45720117243687
215,2000,Cuba,CUB,christianity,8100650,0.7232,11201000,CUB,5.9147601740486
216,2005,Cuba,CUB,christianity,7520095,0.6689,11243000,CUB,11.201656421909401
217,2010,Cuba,CUB,christianity,7407107,0.6589,11241161,CUB,2.39035229650723
222,1965,Haiti,HAI,christianity,3742881,0.9034,4143000,HTI,2.16179786088399
223,1970,Haiti,HAI,christianity,4235925,0.9372,4520000,HTI,0.651153707670417
224,1975,Haiti,HAI,christianity,4553806,0.9256,4920000,HTI,1.12275449101841
225,1980,Haiti,HAI,christianity,5002500,0.9345,5353000,HTI,7.37468792010716
226,1985,Haiti,HAI,christianity,5125000,0.8738,5865000,HTI,0.60363129466387
227,1990,Haiti,HAI,christianity,5934500,0.915,6486000,HTI,1.03812280103126
228,1995,Haiti,HAI,christianity,6621510,0.9222,7180000,HTI,9.89770789922346
229,2000,Haiti,HAI,christianity,7377600,0.8973,8222000,HTI,0.870059794681424
230,2005,Haiti,HAI,christianity,7998500,0.85,9410000,HTI,1.80501122760404
231,2010,Haiti,HAI,christianity,8003882,0.82,9760832,HTI,-5.49779233727396
236,1965,Dominican Republic,DOM,christianity,3239450,0.9670000000000001,3350000,DOM,-12.481833916106401
237,1970,Dominican Republic,DOM,christianity,3598539,0.8859,4062000,DOM,18.2266828775203
238,1975,Dominican Republic,DOM,christianity,3949249,0.8408,4697000,DOM,5.1932533568862
239,1980,Dominican Republic,DOM,christianity,4855425,0.8523,5697000,DOM,7.968738508875692
240,1985,Dominican Republic,DOM,christianity,5357360,0.835,6416000,DOM,-2.12253497758637
241,1990,Dominican Republic,DOM,christianity,6044752,0.8506,7106114,DOM,-5.45431239470214
242,1995,Dominican Republic,DOM,christianity,6098300,0.8505,7170000,DOM,5.6854307369864205
243,2000,Dominican Republic,DOM,christianity,6526613,0.79,8261536,DOM,4.6617622800146
244,2005,Dominican Republic,DOM,christianity,7484946,0.815,9183984,DOM,9.428236946796801
245,2010,Dominican Republic,DOM,christianity,8662283,0.87,9956648,DOM,8.33965105962218
248,1970,Jamaica,JAM,christianity,1445671,0.7987,1810000,JAM,12.064409039017901
249,1975,Jamaica,JAM,christianity,1480069,0.8177,1810000,JAM,-0.256092256914371
250,1980,Jamaica,JAM,christianity,1514468,0.8367,1810000,JAM,-5.71415924592716
251,1985,Jamaica,JAM,christianity,1997000,0.8641,2311000,JAM,-2.94363557496608
252,1990,Jamaica,JAM,christianity,1701798,0.7047,2415000,JAM,4.2005351147029
253,1995,Jamaica,JAM,christianity,1754579,0.7265,2415000,JAM,2.34995704147829
254,2000,Jamaica,JAM,christianity,1807362,0.6997,2583000,JAM,0.8787035479623599
255,2005,Jamaica,JAM,christianity,1890680,0.7135,2650000,JAM,0.8937979359450029
256,2010,Jamaica,JAM,christianity,1974000,0.6881,2868630,JAM,-1.4578484151803797
258,1965,Trinidad and Tobago,TRI,christianity,607342,0.6093,996844,TTO,0.69385028230846
259,1970,Trinidad and Tobago,TRI,christianity,639990,0.6591,971000,TTO,3.53363651428677
260,1975,Trinidad and Tobago,TRI,christianity,741575,0.6306,1176000,TTO,1.47796339289741
261,1980,Trinidad and Tobago,TRI,christianity,712000,0.6579999999999999,1082000,TTO,-1.06560766367413
262,1985,Trinidad and Tobago,TRI,christianity,727820,0.6178,1178000,TTO,-4.121312407891
263,1990,Trinidad and Tobago,TRI,christianity,760400,0.6258,1215000,TTO,1.50841585676172
264,1995,Trinidad and Tobago,TRI,christianity,776469,0.6162,1260000,TTO,4.65715296559779
265,2000,Trinidad and Tobago,TRI,christianity,792540,0.612,1295000,TTO,6.90135946739846
266,2005,Trinidad and Tobago,TRI,christianity,754060,0.5827,1294000,TTO,6.20899303409097
267,2010,Trinidad and Tobago,TRI,christianity,729270,0.5588,1305000,TTO,3.32333050252389
269,1975,Barbados,BAR,christianity,167765,0.7019,239000,BRB,-1.9000000000000603
270,1980,Barbados,BAR,christianity,167840,0.6741,249000,BRB,4.373064814092061
271,1985,Barbados,BAR,christianity,176790,0.6988,253000,BRB,1.07899807321772
272,1990,Barbados,BAR,christianity,177173,0.6894,257000,BRB,-3.29996700033
273,1995,Barbados,BAR,christianity,183005,0.6932,264000,BRB,2.02326144899443
274,2000,Barbados,BAR,christianity,188838,0.6994,270000,BRB,4.45305951383068
275,2005,Barbados,BAR,christianity,187296,0.6861,273000,BRB,3.97520417199647
276,2010,Barbados,BAR,christianity,185756,0.6434,288705,BRB,0.26544622425628
277,1980,Dominica,DMA,christianity,73940,0.9992,74000,DMA,13.383182272072801
278,1985,Dominica,DMA,christianity,74000,0.9867,75000,DMA,1.42093321733552
279,1990,Dominica,DMA,christianity,69480,0.965,72000,DMA,5.41865187107055
280,1995,Dominica,DMA,christianity,69050,0.9725,71000,DMA,3.03016910639286
281,2000,Dominica,DMA,christianity,60965,0.8587,71000,DMA,2.33950740701536
282,2005,Dominica,DMA,christianity,64061,0.885,72386,DMA,0.656233109773297
283,2010,Dominica,DMA,christianity,67160,0.92,73000,DMA,0.67254275850172
285,1980,Grenada,GRN,christianity,92590,0.8494,109000,GRD,-0.534784048591305
286,1985,Grenada,GRN,christianity,77000,0.8462,91000,GRD,5.979708166252661
287,1990,Grenada,GRN,christianity,75257,0.8270000000000001,91000,GRD,4.01261190237577
288,1995,Grenada,GRN,christianity,77438,0.851,91000,GRD,2.1294751495986
289,2000,Grenada,GRN,christianity,76726,0.8719,88000,GRD,4.88795213650562
290,2005,Grenada,GRN,christianity,96820,0.94,103000,GRD,13.2730638678244
291,2010,Grenada,GRN,christianity,94323,0.87,108419,GRD,-0.5112627541491289
292,1980,St. Lucia,SLU,christianity,123131,0.993,124000,LCA,-2.04814871298346
293,1985,St. Lucia,SLU,christianity,135000,0.9854,137000,LCA,8.302997598676809
294,1990,St. Lucia,SLU,christianity,131057,0.9854,133000,LCA,9.94165726262789
295,1995,St. Lucia,SLU,christianity,135978,0.9378,145000,LCA,1.7068115409201
296,2000,St. Lucia,SLU,christianity,141130,0.9164,154000,LCA,0.0327625901497299
297,2005,St. Lucia,SLU,christianity,146156,0.8858,165000,LCA,-0.384391010565054
298,2010,St. Lucia,SLU,christianity,151183,0.9218,164000,LCA,0.16685290760089802
299,1980,St. Vincent and the Grenadines,SVG,christianity,88650,0.9046,98000,VCT,2.4432022396547697
300,1985,St. Vincent and the Grenadines,SVG,christianity,92000,0.902,102000,VCT,6.17790770901485
301,1990,St. Vincent and the Grenadines,SVG,christianity,91423,0.8625,106000,VCT,4.14991262400643
302,1995,St. Vincent and the Grenadines,SVG,christianity,96441,0.8688,111000,VCT,7.76741379537104
303,2000,St. Vincent and the Grenadines,SVG,christianity,98157,0.861,114000,VCT,1.63917888123761
304,2005,St. Vincent and the Grenadines,SVG,christianity,95826,0.9214,104000,VCT,2.48800485493084
305,2010,St. Vincent and the Grenadines,SVG,christianity,93496,0.899,104000,VCT,-3.35352588952401
313,1985,St. Kitts and Nevis,SKN,christianity,38690,0.8793,44000,KNA,8.54934555511397
314,1990,St. Kitts and Nevis,SKN,christianity,35517,0.877,40500,KNA,4.877530405328192
315,1995,St. Kitts and Nevis,SKN,christianity,36837,0.8485,43412,KNA,5.383105088871959
316,2000,St. Kitts and Nevis,SKN,christianity,38155,0.8236,46325,KNA,10.4071934060667
317,2005,St. Kitts and Nevis,SKN,christianity,41839,0.8716,48000,KNA,9.69523531254188
318,2010,St. Kitts and Nevis,SKN,christianity,45525,0.8979,50700,KNA,-1.46605086302448
323,1965,Mexico,MEX,christianity,36828500,0.9566,38500000,MEX,7.09999999585864
324,1970,Mexico,MEX,christianity,47914284,0.9470000000000001,50596000,MEX,6.5024840333226
325,1975,Mexico,MEX,christianity,63095110,0.9336,67580000,MEX,5.7444850496217
326,1980,Mexico,MEX,christianity,65340680,0.9670000000000001,67570000,MEX,9.233251983886419
327,1985,Mexico,MEX,christianity,73529400,0.9744,75465000,MEX,2.18769311647023
328,1990,Mexico,MEX,christianity,80606800,0.9685,83226000,MEX,5.17576838619527
329,1995,Mexico,MEX,christianity,87909596,0.9715,90487000,MEX,-6.29123082110117
330,2000,Mexico,MEX,christianity,95812392,0.9690000000000001,98881000,MEX,4.94245371467422
331,2005,Mexico,MEX,christianity,97293942,0.9359999999999999,103947000,MEX,2.30780706591736
332,2010,Mexico,MEX,christianity,108811290,0.9686,112336538,MEX,5.11811814321163
333,1980,Belize,BLZ,christianity,132300,0.882,150000,BLZ,13.436681763566199
334,1985,Belize,BLZ,christianity,144500,0.8705,166000,BLZ,1.01251391430918
335,1990,Belize,BLZ,christianity,163920,0.8673,189000,BLZ,11.443388728931902
336,1995,Belize,BLZ,christianity,186321,0.8626,216000,BLZ,0.644238365359826
337,2000,Belize,BLZ,christianity,192222,0.7976,241000,BLZ,13.0195773748259
338,2005,Belize,BLZ,christianity,208096,0.7127,292000,BLZ,2.57800880890768
339,2010,Belize,BLZ,christianity,223972,0.7365,304106,BLZ,3.38347170641828
344,1965,Guatemala,GUA,christianity,4306560,0.9428,4568000,GTM,4.36176931519063
345,1970,Guatemala,GUA,christianity,4816793,0.9182,5246000,GTM,5.70788359899647
346,1975,Guatemala,GUA,christianity,5447596,0.9045,6023000,GTM,1.9499908256448504
347,1980,Guatemala,GUA,christianity,6078400,0.8788,6917000,GTM,3.7599781639406
348,1985,Guatemala,GUA,christianity,7243700,0.9097,7963000,GTM,-0.6093389537877559
349,1990,Guatemala,GUA,christianity,8511300,0.9254,9197000,GTM,3.1025631804659506
350,1995,Guatemala,GUA,christianity,9576225,0.9599,9976000,GTM,4.94854750696526
351,2000,Guatemala,GUA,christianity,11045250,0.9702,11385000,GTM,3.60886874513247
352,2005,Guatemala,GUA,christianity,12065950,0.95,12701000,GTM,3.26011101093724
353,2010,Guatemala,GUA,christianity,13133239,0.95,13824463,GTM,2.869487737127589
358,1965,Honduras,HON,christianity,1994293,0.9824,2029955,HND,9.03715648855948
359,1970,Honduras,HON,christianity,2474700,0.9377,2639000,HND,3.62672094031046
360,1975,Honduras,HON,christianity,2976874,0.9625,3093000,HND,2.13068176281656
361,1980,Honduras,HON,christianity,3479050,0.9426,3691000,HND,0.599354051884532
362,1985,Honduras,HON,christianity,4295000,0.9824,4372000,HND,5.62623484867073
363,1990,Honduras,HON,christianity,4919650,0.9637,5105000,HND,2.7917489489214904
364,1995,Honduras,HON,christianity,5624825,0.9449,5953000,HND,6.18930461847029
365,2000,Honduras,HON,christianity,6330000,0.9694,6530000,HND,7.29128812266787
366,2005,Honduras,HON,christianity,6587486,0.9269,7107000,HND,6.05059922215976
367,2010,Honduras,HON,christianity,7121814,0.89,8002039,HND,3.7311403443300897
373,1970,El Salvador,SAL,christianity,3462438,0.9798,3534000,SLV,2.9772950912029503
374,1975,El Salvador,SAL,christianity,3431933,0.9711,3534000,SLV,2.92353188786574
375,1980,El Salvador,SAL,christianity,4392100,0.9743,4508000,SLV,-11.7713176552758
376,1985,El Salvador,SAL,christianity,4637480,0.955,4856000,SLV,0.616595467027906
377,1990,El Salvador,SAL,christianity,4865340,0.9671,5031000,SLV,4.8315603853172
378,1995,El Salvador,SAL,christianity,5288450,0.934,5662000,SLV,4.73495957444032
379,2000,El Salvador,SAL,christianity,5711560,0.9101,6276000,SLV,1.126057050299
380,2005,El Salvador,SAL,christianity,5803034,0.9071,6397000,SLV,2.7074677675286
381,2010,El Salvador,SAL,christianity,6209779,0.861,7212288,SLV,2.1062131232559698
386,1965,Nicaragua,NIC,christianity,1504181,0.9761,1541000,NIC,9.525155826736409
387,1970,Nicaragua,NIC,christianity,1902333,0.9266,2053000,NIC,1.35382659111202
388,1975,Nicaragua,NIC,christianity,2268816,0.9422,2408000,NIC,-0.153246894325562
389,1980,Nicaragua,NIC,christianity,2635300,0.951,2771000,NIC,4.61173227910807
390,1985,Nicaragua,NIC,christianity,3224000,0.9853,3272000,NIC,-4.08185148780277
391,1990,Nicaragua,NIC,christianity,3716900,0.9602,3871000,NIC,-0.0524997208627127
392,1995,Nicaragua,NIC,christianity,4307600,0.9490000000000001,4539000,NIC,5.91190791408944
393,2000,Nicaragua,NIC,christianity,4898300,0.9467,5174000,NIC,4.101590156171819
394,2005,Nicaragua,NIC,christianity,4907725,0.9005,5450000,NIC,4.28239832561029
395,2010,Nicaragua,NIC,christianity,5242544,0.9005,5821815,NIC,4.41009911716546
400,1965,Costa Rica,COS,christianity,1236000,0.9712,1272677,CRI,8.19052759411673
401,1970,Costa Rica,COS,christianity,1651066,0.956,1727000,CRI,7.503134342752321
402,1975,Costa Rica,COS,christianity,1927108,0.9792,1968000,CRI,2.10007104989896
403,1980,Costa Rica,COS,christianity,2205650,0.9825,2245000,CRI,0.751895402995075
404,1985,Costa Rica,COS,christianity,2498000,0.9455,2642000,CRI,0.721601729373518
405,1990,Costa Rica,COS,christianity,2620600,0.9343,2805000,CRI,3.5530633647958303
406,1995,Costa Rica,COS,christianity,3097950,0.9295,3333000,CRI,4.12149639594477
407,2000,Costa Rica,COS,christianity,3771380,0.9375,4023000,CRI,3.83316666149418
408,2005,Costa Rica,COS,christianity,4057108,0.951,4266000,CRI,3.87087332561829
409,2010,Costa Rica,COS,christianity,3925741,0.8822,4450000,CRI,4.95186384413803
414,1965,Panama,PAN,christianity,1256930,0.9646,1303000,PAN,9.16003625997841
415,1970,Panama,PAN,christianity,1415422,0.9399,1506000,PAN,6.95922610702162
416,1975,Panama,PAN,christianity,1605770,0.932,1723000,PAN,1.74091944028476
417,1980,Panama,PAN,christianity,1877766,0.963,1950000,PAN,13.0844817298478
418,1985,Panama,PAN,christianity,2063280,0.9521,2167000,PAN,4.94223365145383
419,1990,Panama,PAN,christianity,2292500,0.956,2398000,PAN,8.09899300563276
420,1995,Panama,PAN,christianity,2552070,0.97,2631000,PAN,1.7516787571155
421,2000,Panama,PAN,christianity,2773500,0.9711,2856000,PAN,2.71537415482821
422,2005,Panama,PAN,christianity,3161160,0.9793,3228000,PAN,7.19127940233535
423,2010,Panama,PAN,christianity,4166894,0.9793,4255000,PAN,5.8279934942857095
428,1965,Colombia,COL,christianity,17546120,0.975,17996000,COL,3.60001139244086
429,1970,Colombia,COL,christianity,20203471,0.9842,20527000,COL,6.20779696259058
430,1975,Colombia,COL,christianity,22761920,0.9685,23502000,COL,2.32325528529218
431,1980,Colombia,COL,christianity,24946450,0.9635,25892000,COL,4.08735367309492
432,1985,Colombia,COL,christianity,28286950,0.9595,29481000,COL,3.10710619368098
433,1990,Colombia,COL,christianity,30980000,0.9591,32300000,COL,4.28199833207572
434,1995,Colombia,COL,christianity,33756907,0.9618,35099000,COL,5.2024375925309405
435,2000,Colombia,COL,christianity,39996945,0.9451,42321000,COL,2.924861483159129
436,2005,Colombia,COL,christianity,41606496,0.9701,42889000,COL,4.706555933831299
437,2010,Colombia,COL,christianity,44910647,0.9701,46295000,COL,4.34755326848266
452,1970,Guyana,GUY,christianity,376491,0.531,709000,GUY,4.25545689295259
453,1975,Guyana,GUY,christianity,419635,0.5373,781000,GUY,8.48302151254283
454,1980,Guyana,GUY,christianity,418500,0.5514,759000,GUY,1.73388972678299
455,1985,Guyana,GUY,christianity,438000,0.5523,793000,GUY,2.39966745782807
456,1990,Guyana,GUY,christianity,303900,0.4221,720000,GUY,-3.06748466257669
457,1995,Guyana,GUY,christianity,367200,0.4996,735000,GUY,5.03144654088065
458,2000,Guyana,GUY,christianity,430500,0.574,750000,GUY,-1.36380390711416
459,2005,Guyana,GUY,christianity,429477,0.5666,758000,GUY,-1.95095758009678
460,2010,Guyana,GUY,christianity,427919,0.5575,767501,GUY,4.13844312103167
461,1975,Suriname,SUR,christianity,216774,0.5955,364000,SUR,2.79999999999994
462,1980,Suriname,SUR,christianity,218450,0.6154,355000,SUR,-8.79999999999997
463,1985,Suriname,SUR,christianity,241000,0.6276,384000,SUR,1.99999999999991
464,1990,Suriname,SUR,christianity,235351,0.5855,402000,SUR,-4.4999999999998614
465,1995,Suriname,SUR,christianity,225995,0.5526,409000,SUR,0.0
466,2000,Suriname,SUR,christianity,234934,0.5634,417000,SUR,2.09999999999997
467,2005,Suriname,SUR,christianity,274703,0.5505,499000,SUR,4.50000000000006
468,2010,Suriname,SUR,christianity,271680,0.48,566000,SUR,5.16302924449271
473,1965,Ecuador,ECU,christianity,4854560,0.9437,5144000,ECU,3.27508248808506
474,1970,Ecuador,ECU,christianity,5871027,0.9834,5970000,ECU,6.87192932986009
475,1975,Ecuador,ECU,christianity,6464010,0.9359,6907000,ECU,10.972154001573301
476,1980,Ecuador,ECU,christianity,7662642,0.9625,7961000,ECU,3.7086829688621497
477,1985,Ecuador,ECU,christianity,8948500,0.9591,9330000,ECU,3.93500141151873
478,1990,Ecuador,ECU,christianity,9874700,0.9621,10264000,ECU,3.6799140527842
479,1995,Ecuador,ECU,christianity,8978500,0.9623,9330000,ECU,2.25254877423716
480,2000,Ecuador,ECU,christianity,11477020,0.9076,12646000,ECU,1.09180156435758
481,2005,Ecuador,ECU,christianity,12136581,0.9159999999999999,13250000,ECU,5.29130826699402
482,2010,Ecuador,ECU,christianity,12830327,0.903,14209151,ECU,3.52529866894027
487,1965,Peru,PER,christianity,11021650,0.9612,11467000,PER,5.62173344947736
488,1970,Peru,PER,christianity,13001607,0.9855,13193000,PER,3.36594600332614
489,1975,Peru,PER,christianity,14552950,0.9599,15161000,PER,4.30086316548426
490,1980,Peru,PER,christianity,17048745,0.9841,17324000,PER,5.9433353983084105
491,1985,Peru,PER,christianity,19003080,0.9749,19492000,PER,2.06113206625895
492,1990,Peru,PER,christianity,21346550,0.9897,21569000,PER,-4.982563536466049
493,1995,Peru,PER,christianity,23290887,0.9898,23532000,PER,7.41139504735119
494,2000,Peru,PER,christianity,23532720,0.917,25662000,PER,2.69437139806912
495,2005,Peru,PER,christianity,26698560,0.96,27811000,PER,6.28506032509601
496,2010,Peru,PER,christianity,27579681,0.938,29402646,PER,8.332459107495769
501,1965,Brazil,BRA,christianity,80576608,0.9559,84292000,BRA,3.0534878936692404
502,1970,Brazil,BRA,christianity,94526013,0.9862,95847000,BRA,8.76994747172606
503,1975,Brazil,BRA,christianity,106775993,0.9884,108032000,BRA,5.209075901143652
504,1980,Brazil,BRA,christianity,117027504,0.987,118563000,BRA,9.110960155171679
505,1985,Brazil,BRA,christianity,129071456,0.978,131978000,BRA,7.94586174871235
506,1990,Brazil,BRA,christianity,138033011,0.9538,144724000,BRA,-3.10235594875007
507,1995,Brazil,BRA,christianity,151406004,0.9717,155822000,BRA,4.4167313538850586
508,2000,Brazil,BRA,christianity,146447175,0.8609,170115000,BRA,4.387949443649109
509,2005,Brazil,BRA,christianity,157380092,0.8582,183383000,BRA,3.2021313797365
510,2010,Brazil,BRA,christianity,168313010,0.8823,190755800,BRA,7.5282258303847005
515,1965,Bolivia,BOL,christianity,3541860,0.945,3748000,BOL,4.91344195519352
516,1970,Bolivia,BOL,christianity,4001400,0.95,4212000,BOL,5.23102930127762
517,1975,Bolivia,BOL,christianity,4672010,0.9817,4759000,BOL,7.31101772689944
518,1980,Bolivia,BOL,christianity,5292850,0.9884,5355000,BOL,-1.3717751251444
519,1985,Bolivia,BOL,christianity,5728400,0.9717,5895000,BOL,-1.6763871435550002
520,1990,Bolivia,BOL,christianity,6272300,0.9543,6573000,BOL,4.6357859096007
521,1995,Bolivia,BOL,christianity,7300880,0.9847,7414000,BOL,4.67827258577525
522,2000,Bolivia,BOL,christianity,7842641,0.9416,8329000,BOL,2.5078075533639703
523,2005,Bolivia,BOL,christianity,9033088,0.9582,9427000,BOL,4.42143476697063
524,2010,Bolivia,BOL,christianity,9720100,0.9426,10312315,BOL,4.12672256468305
529,1965,Paraguay,PAR,christianity,1939520,0.932,2081000,PRY,6.16797475923936
530,1970,Paraguay,PAR,christianity,2232000,0.9498,2350000,PRY,5.5534257358763215
531,1975,Paraguay,PAR,christianity,2585900,0.9725,2659000,PRY,6.852444714810098
532,1980,Paraguay,PAR,christianity,3033100,0.9740000000000001,3114000,PRY,11.7121459429283
533,1985,Paraguay,PAR,christianity,3435000,0.9518,3609000,PRY,4.523135678456679
534,1990,Paraguay,PAR,christianity,4142546,0.9819,4219000,PRY,4.1232828795815895
535,1995,Paraguay,PAR,christianity,4624128,0.9578,4828000,PRY,6.822810303585781
536,2000,Paraguay,PAR,christianity,5329016,0.9696,5496000,PRY,-2.31414056819048
537,2005,Paraguay,PAR,christianity,5367889,0.91,5899000,PRY,2.1334906645960103
538,2010,Paraguay,PAR,christianity,6138983,0.951,6455292,PRY,11.1437357938518
543,1965,Chile,CHL,christianity,8040827,0.9373,8579000,CHL,0.950272505266042
544,1970,Chile,CHL,christianity,8929331,0.9395,9504000,CHL,1.82896697107341
545,1975,Chile,CHL,christianity,9651000,0.9325,10350000,CHL,-12.912101052158404
546,1980,Chile,CHL,christianity,10471712,0.9396,11145000,CHL,7.986620757424822
547,1985,Chile,CHL,christianity,11354910,0.9367,12122000,CHL,4.009916201812271
548,1990,Chile,CHL,christianity,12353325,0.943,13100000,CHL,3.33356547272084
549,1995,Chile,CHL,christianity,13585000,0.956,14210000,CHL,8.93329586945268
550,2000,Chile,CHL,christianity,14197856,0.9334,15211000,CHL,5.32693841912362
551,2005,Chile,CHL,christianity,14273550,0.8775,16267000,CHL,5.74283048945117
552,2010,Chile,CHL,christianity,15587652,0.9128,17077416,CHL,5.84417729578996
557,1965,Argentina,ARG,christianity,21420596,0.9613,22283000,ARG,10.5694333403429
558,1970,Argentina,ARG,christianity,23217353,0.9689,23963000,ARG,3.04564331900328
559,1975,Argentina,ARG,christianity,25007040,0.96,26049000,ARG,-0.0284121027670921
560,1980,Argentina,ARG,christianity,26417319,0.9403,28094000,ARG,1.51878394940456
561,1985,Argentina,ARG,christianity,28044812,0.9254,30305000,ARG,-5.189024352155291
562,1990,Argentina,ARG,christianity,29470753,0.9059999999999999,32527000,ARG,-2.4672137763745896
563,1995,Argentina,ARG,christianity,31986560,0.92,34768000,ARG,-2.84520961057081
564,2000,Argentina,ARG,christianity,33280506,0.8987,37032000,ARG,-0.78899893905691
565,2005,Argentina,ARG,christianity,32627326,0.8454,38592000,ARG,8.85165992013435
566,2010,Argentina,ARG,christianity,34400709,0.8515,40399992,ARG,10.1253981561002
571,1965,Uruguay,URU,christianity,1986810,0.7378,2693000,URY,1.04560405339116
572,1970,Uruguay,URU,christianity,2172390,0.7736,2808000,URY,2.33321338171658
573,1975,Uruguay,URU,christianity,2118674,0.7489,2829000,URY,6.096914312590068
574,1980,Uruguay,URU,christianity,2064960,0.7086,2914000,URY,5.84340090099285
575,1985,Uruguay,URU,christianity,2075520,0.69,3008000,URY,1.46653602907546
576,1990,Uruguay,URU,christianity,2262800,0.7314,3094000,URY,0.297348378311099
577,1995,Uruguay,URU,christianity,2286480,0.7261,3149000,URY,-1.4475989642572702
578,2000,Uruguay,URU,christianity,2470035,0.7402,3337000,URY,-1.92993063972195
579,2005,Uruguay,URU,christianity,2705243,0.8183,3306000,URY,7.46013210559531
580,2010,Uruguay,URU,christianity,2746709,0.8183,3356679,URY,7.80340966844247
585,1965,United Kingdom,UKG,christianity,48806121,0.898,54350000,GBR,2.7889768283330096
586,1970,United Kingdom,UKG,christianity,49292140,0.8859999999999999,55632000,GBR,6.59628652100466
587,1975,United Kingdom,UKG,christianity,49263092,0.8762,56226000,GBR,-1.47906165861521
588,1980,United Kingdom,UKG,christianity,48834047,0.8669,56330000,GBR,-2.02776856155448
589,1985,United Kingdom,UKG,christianity,48605000,0.8575,56685000,GBR,4.1953254688759785
590,1990,United Kingdom,UKG,christianity,48498500,0.8426,57561000,GBR,0.731800511871981
591,1995,United Kingdom,UKG,christianity,48904250,0.8345,58606000,GBR,2.46973445248213
592,2000,United Kingdom,UKG,christianity,42458524,0.7217,58830000,GBR,3.66412896042961
593,2005,United Kingdom,UKG,christianity,40989298,0.6805,60238000,GBR,3.09608893680313
594,2010,United Kingdom,UKG,christianity,38957273,0.6263,62206876,GBR,2.18304081251888
601,1975,Ireland,IRE,christianity,3131997,0.9858,3177000,IRL,5.65664556914641
602,1980,Ireland,IRE,christianity,3348892,0.9847,3401000,IRL,3.0793292843807296
603,1985,Ireland,IRE,christianity,3333827,0.9682,3443405,IRL,3.0856149010957097
604,1990,Ireland,IRE,christianity,3335763,0.9461,3525719,IRL,8.466527934630388
605,1995,Ireland,IRE,christianity,3486468,0.9682,3601000,IRL,9.634422304276267
606,2000,Ireland,IRE,christianity,3529605,0.9463,3730000,IRL,9.55988922297659
607,2005,Ireland,IRE,christianity,3855152,0.9332,4131000,IRL,6.006383302298699
608,2010,Ireland,IRE,christianity,4150307,0.9299,4462987,IRL,1.88547158649142
611,1965,Netherlands,NTH,christianity,10936461,0.8897,12292000,NLD,8.64309493574996
612,1970,Netherlands,NTH,christianity,11212975,0.8604,13032000,NLD,5.69479553645762
613,1975,Netherlands,NTH,christianity,11312510,0.8286,13653000,NLD,0.0020286827912912
614,1980,Netherlands,NTH,christianity,11419245,0.8074,14144000,NLD,1.3419141914993
615,1985,Netherlands,NTH,christianity,11427907,0.789,14484000,NLD,2.58017980925005
616,1990,Netherlands,NTH,christianity,11346000,0.7588,14952000,NLD,4.18322279873644
617,1995,Netherlands,NTH,christianity,11215247,0.7255,15459000,NLD,3.1160359679683
618,2000,Netherlands,NTH,christianity,10625781,0.6731,15786000,NLD,4.238763068872791
619,2005,Netherlands,NTH,christianity,10570926,0.6477,16320000,NLD,2.16036600167007
620,2010,Netherlands,NTH,christianity,9626041,0.5794,16612522,NLD,2.6350464109455296
625,1965,Belgium,BEL,christianity,9011675,0.9522,9464000,BEL,3.56065983986041
626,1970,Belgium,BEL,christianity,8943266,0.9262,9656000,BEL,5.5918026287969695
627,1975,Belgium,BEL,christianity,8872452,0.9058,9795000,BEL,-1.96594157998618
628,1980,Belgium,BEL,christianity,8801639,0.8938,9847000,BEL,4.444054021983209
629,1985,Belgium,BEL,christianity,8648544,0.8773,9858000,BEL,1.65179283915737
630,1990,Belgium,BEL,christianity,8495449,0.8524,9967000,BEL,3.13740247636093
631,1995,Belgium,BEL,christianity,8222233,0.8111,10137000,BEL,2.3847572377606
632,2000,Belgium,BEL,christianity,7909604,0.7784,10161000,BEL,3.6336520149299503
633,2005,Belgium,BEL,christianity,8139550,0.7772,10473000,BEL,2.09427270847185
634,2010,Belgium,BEL,christianity,7526165,0.6920000000000001,10876395,BEL,2.74421327182894
639,1965,Luxembourg,LUX,christianity,322192,0.9705,332000,LUX,-0.734933604481
640,1970,Luxembourg,LUX,christianity,325050,0.9588,339000,LUX,4.50704070671837
641,1975,Luxembourg,LUX,christianity,343964,0.9581,359000,LUX,-6.57137109239422
642,1980,Luxembourg,LUX,christianity,347660,0.9551,364000,LUX,0.840882426434163
643,1985,Luxembourg,LUX,christianity,349465,0.9522,367000,LUX,2.79170646357348
644,1990,Luxembourg,LUX,christianity,352790,0.9235,382000,LUX,5.31993218169593
645,1995,Luxembourg,LUX,christianity,376823,0.9191,410000,LUX,1.43220027756334
646,2000,Luxembourg,LUX,christianity,404690,0.9390000000000001,431000,LUX,8.2397991119304
647,2005,Luxembourg,LUX,christianity,436200,0.9381,465000,LUX,3.1724427328915
648,2010,Luxembourg,LUX,christianity,460637,0.9106,505838,LUX,4.864968560328889
653,1965,France,FRN,christianity,42091117,0.8633,48758000,FRA,4.77803517697649
654,1970,France,FRN,christianity,43475937,0.8564,50768000,FRA,5.558249635212481
655,1975,France,FRN,christianity,44111544,0.8370000000000001,52699000,FRA,-0.98016226803928
656,1980,France,FRN,christianity,44747150,0.8305,53880000,FRA,1.58818898969837
657,1985,France,FRN,christianity,45233457,0.8182,55284000,FRA,1.62324459033914
658,1990,France,FRN,christianity,44618413,0.7864,56735000,FRA,2.91400969759965
659,1995,France,FRN,christianity,43939194,0.7558,58139000,FRA,2.08508453112175
660,2000,France,FRN,christianity,42875006,0.7257,59080000,FRA,3.87516225892932
661,2005,France,FRN,christianity,42399613,0.6951,60996000,FRA,1.6077138137054898
662,2010,France,FRN,christianity,44023361,0.7019,62722560,FRA,1.9656573764149696
663,1995,Monaco,MNC,christianity,29105,0.9095,32000,MCO,2.1171525533538
664,2000,Monaco,MNC,christianity,28250,0.8591,32883,MCO,3.91023062580567
665,2005,Monaco,MNC,christianity,27399,0.8536,32100,MCO,1.89541469027009
666,2010,Monaco,MNC,christianity,26550,0.802,33105,MCO,2.05429385224207
667,1990,Liechtenstein,LIE,christianity,27120,0.9352,29000,LIE,2.25287097057453
668,1995,Liechtenstein,LIE,christianity,28428,0.917,31000,LIE,5.87555219902339
669,2000,Liechtenstein,LIE,christianity,29285,0.8874,33000,LIE,3.2201909984783703
670,2005,Liechtenstein,LIE,christianity,30158,0.8617,35000,LIE,4.8280749520261
680,1985,Switzerland,SWZ,christianity,6020800,0.9306,6470000,CHE,3.673595917524609
681,1990,Switzerland,SWZ,christianity,6064100,0.8984,6750000,CHE,3.67462563846016
682,1995,Switzerland,SWZ,christianity,6091621,0.8652,7041000,CHE,0.480866443023857
683,2000,Switzerland,SWZ,christianity,6119143,0.8285,7386000,CHE,3.93682345267324
684,2005,Switzerland,SWZ,christianity,6408536,0.8617,7437000,CHE,3.1152455297264803
685,2010,Switzerland,SWZ,christianity,6303993,0.8056,7825122,CHE,3.00269910775171
690,1965,Spain,SPN,christianity,31510692,0.983,32056000,ESP,6.25313489898502
691,1970,Spain,SPN,christianity,33118261,0.9804,33779000,ESP,4.29063938766936
692,1975,Spain,SPN,christianity,34819831,0.9782,35596000,ESP,0.542203325012579
693,1980,Spain,SPN,christianity,36748102,0.9789,37542000,ESP,2.20872811830488
694,1985,Spain,SPN,christianity,37216775,0.9673,38474000,ESP,2.3214358569219904
695,1990,Spain,SPN,christianity,37464150,0.9616,38959000,ESP,3.78139346477435
696,1995,Spain,SPN,christianity,37249500,0.95,39210000,ESP,2.7574940329506497
697,2000,Spain,SPN,christianity,34100000,0.8605,39630000,ESP,5.28909959505918
698,2005,Spain,SPN,christianity,36380000,0.8383,43398000,ESP,3.723001788416549
699,2010,Spain,SPN,christianity,37121529,0.8056,46076496,ESP,0.0140638777627089
700,1995,Andorra,AND,christianity,62680,0.9218,68000,AND,2.7574991873297297
701,2000,Andorra,AND,christianity,72946,0.9352,78000,AND,3.52836129711109
702,2005,Andorra,AND,christianity,74445,0.9423,79000,AND,7.396982715365009
703,2010,Andorra,AND,christianity,77546,0.907,85500,AND,-5.3588257753333615
708,1965,Portugal,POR,christianity,8730983,0.9564,9129000,PRT,7.46898852994372
709,1970,Portugal,POR,christianity,8722040,0.9644,9044000,PRT,12.612605273951
710,1975,Portugal,POR,christianity,8714810,0.9584,9093000,PRT,-4.34763094669599
711,1980,Portugal,POR,christianity,9335680,0.9559,9766000,PRT,4.58934010091487
712,1985,Portugal,POR,christianity,9525108,0.9515,10011000,PRT,2.8074396722918498
713,1990,Portugal,POR,christianity,9344537,0.9440000000000001,9899000,PRT,3.950523331796549
714,1995,Portugal,POR,christianity,9263964,0.9342,9916000,PRT,4.28278044551746
715,2000,Portugal,POR,christianity,8437963,0.8545,9875000,PRT,3.78749400060012
716,2005,Portugal,POR,christianity,8780641,0.8324,10549000,PRT,0.7667844353166801
717,2010,Portugal,POR,christianity,9123319,0.8573,10642505,PRT,1.89869117560959
719,1990,Germany,GMY,christianity,62557600,0.7879,79402000,DEU,5.25500608609781
720,1995,Germany,GMY,christianity,60917960,0.746,81661000,DEU,1.7376406312156298
721,2000,Germany,GMY,christianity,56327135,0.6851,82220000,DEU,2.9620453678452403
722,2005,Germany,GMY,christianity,54399203,0.6597,82464000,DEU,0.7067139481002299
723,2010,Germany,GMY,christianity,57827992,0.7078,81698976,DEU,4.07993330487069
749,1995,Poland,POL,christianity,37293803,0.9665,38588000,POL,6.9518566210887185
750,2000,Poland,POL,christianity,36631210,0.945,38765000,POL,4.559571178846
751,2005,Poland,POL,christianity,35958000,0.9423,38161000,POL,3.4936585150303503
752,2010,Poland,POL,christianity,34539629,0.9046,38182920,POL,3.60692826143993
755,1965,Austria,AUS,christianity,6907450,0.95,7271000,AUT,3.4801749179956096
756,1970,Austria,AUS,christianity,7128757,0.9547,7467000,AUT,6.32114254507779
757,1975,Austria,AUS,christianity,7167587,0.9457,7579000,AUT,-0.363735739528693
758,1980,Austria,AUS,christianity,6821354,0.9029,7555338,AUT,1.73148542809489
759,1985,Austria,AUS,christianity,7027742,0.9274,7578000,AUT,2.4986784712659
760,1990,Austria,AUS,christianity,6433500,0.8324,7729000,AUT,4.34564156052724
761,1995,Austria,AUS,christianity,6996880,0.8695,8047000,AUT,2.66798366552709
762,2000,Austria,AUS,christianity,6445987,0.785,8211000,AUT,3.37572197324998
763,2005,Austria,AUS,christianity,6285258,0.7634,8233000,AUT,2.2440668122355403
764,2010,Austria,AUS,christianity,6124531,0.73,8389771,AUT,1.83709459152502
775,1995,Hungary,HUN,christianity,7811791,0.7637,10229000,HUN,1.48952547490109
776,2000,Hungary,HUN,christianity,7462967,0.7436,10036000,HUN,4.20917993168027
777,2005,Hungary,HUN,christianity,7066031,0.7005,10087000,HUN,4.388215174340671
778,2010,Hungary,HUN,christianity,6669095,0.6736,9900000,HUN,0.6823781514075481
797,1965,Italy,ITA,christianity,47010307,0.9021,52112000,ITA,3.2680237196417496
798,1970,Italy,ITA,christianity,47538860,0.8833,53822000,ITA,5.26869296541967
799,1975,Italy,ITA,christianity,48144033,0.8684,55441000,ITA,-2.0901629242335003
800,1980,Italy,ITA,christianity,48759207,0.8640000000000001,56434000,ITA,3.4300163804981203
801,1985,Italy,ITA,christianity,48854380,0.855,57141000,ITA,2.7980857272685897
802,1990,Italy,ITA,christianity,48669553,0.8441,57661000,ITA,1.98577490336878
803,1995,Italy,ITA,christianity,47718067,0.8328,57301000,ITA,2.88683673940436
804,2000,Italy,ITA,christianity,48955835,0.8544,57298000,ITA,3.7101065868926097
805,2005,Italy,ITA,christianity,50346000,0.8590000000000001,58607000,ITA,0.9496662576486592
806,2010,Italy,ITA,christianity,48018881,0.7939,60483224,ITA,1.68652340308921
808,2000,San Marino,SNM,christianity,25650,0.95,27000,SMR,2.21075902726604
809,2005,San Marino,SNM,christianity,29450,0.95,31000,SMR,2.38095238095238
810,2010,San Marino,SNM,christianity,28088,0.8631,32544,SMR,-4.655493482309139
813,1975,Malta,MLT,christianity,301594,0.9921,304000,MLT,19.5600808646515
814,1980,Malta,MLT,christianity,320154,0.9881,324000,MLT,7.049711214920071
815,1985,Malta,MLT,christianity,334627,0.9842,340000,MLT,2.58527966638222
816,1990,Malta,MLT,christianity,350140,0.9891,354000,MLT,6.291390958311711
817,1995,Malta,MLT,christianity,365041,0.9839,371000,MLT,6.34249318337497
818,2000,Malta,MLT,christianity,371280,0.9544,389000,MLT,6.77019391099778
819,2005,Malta,MLT,christianity,387285,0.9586,404000,MLT,3.78365225854667
820,2010,Malta,MLT,christianity,401633,0.9727,412911,MLT,3.5426832138318503
821,2010,Montenegro,MNG,christianity,478002,0.7593,629517,MNE,2.70000000000002
827,2000,Croatia,CRO,christianity,4154923,0.9289,4473000,HRV,3.77260556503032
828,2005,Croatia,CRO,christianity,4098533,0.9227,4442000,HRV,4.10956496884711
829,2010,Croatia,CRO,christianity,4042145,0.9137,4424161,HRV,-1.4729163026370502
844,1995,Bosnia and Herzegovina,BOS,christianity,2286840,0.51,4484000,BIH,20.8000005498984
845,2000,Bosnia and Herzegovina,BOS,christianity,1986000,0.5,3972000,BIH,5.50000043583101
846,2005,Bosnia and Herzegovina,BOS,christianity,1987185,0.5171,3843000,BIH,8.759256700064139
847,2010,Bosnia and Herzegovina,BOS,christianity,1988372,0.52,3823795,BIH,0.872151022572723
849,2000,Slovenia,SLV,christianity,1580712,0.7959,1986000,SVN,4.15543396003217
850,2005,Slovenia,SLV,christianity,1478349,0.7388,2001000,SVN,4.00300736412321
851,2010,Slovenia,SLV,christianity,1375987,0.67,2053714,SVN,1.23775590870558
856,1965,Greece,GRC,christianity,8416821,0.9844,8550000,GRC,9.392660849813538
857,1970,Greece,GRC,christianity,8648876,0.9836,8793000,GRC,7.951269095081531
858,1975,Greece,GRC,christianity,8867546,0.9802,9047000,GRC,6.36680871695918
859,1980,Greece,GRC,christianity,9467466,0.9818,9643000,GRC,0.677131055512746
860,1985,Greece,GRC,christianity,9635980,0.97,9934000,GRC,2.50955655845455
861,1990,Greece,GRC,christianity,9754560,0.96,10161000,GRC,0.0
862,1995,Greece,GRC,christianity,10021758,0.9587,10454000,GRC,2.09971976683303
863,2000,Greece,GRC,christianity,10176670,0.956,10645000,GRC,3.91977077200825
864,2005,Greece,GRC,christianity,10580420,0.9528,11104000,GRC,0.599142055474161
865,2010,Greece,GRC,christianity,10682948,0.9438,11319288,GRC,-5.4790371077553
870,1980,Cyprus,CYP,christianity,481510,0.7881,611000,CYP,5.7532447014007495
871,1985,Cyprus,CYP,christianity,494760,0.7647,647000,CYP,4.88254077196271
872,1990,Cyprus,CYP,christianity,505680,0.7426,681000,CYP,7.403999506038492
873,1995,Cyprus,CYP,christianity,519135,0.7082,733000,CYP,8.46818850796799
874,2000,Cyprus,CYP,christianity,559042,0.7112,786000,CYP,5.965317743872629
875,2005,Cyprus,CYP,christianity,576604,0.7226,798000,CYP,4.852991307836481
876,2010,Cyprus,CYP,christianity,606674,0.7453,813958,CYP,1.33540349841795
885,1985,Bulgaria,BUL,christianity,6521083,0.7278,8960000,BGR,2.68344073997291
886,1990,Bulgaria,BUL,christianity,6884000,0.7657,8991000,BGR,-9.117377096533053
887,1995,Bulgaria,BUL,christianity,6629941,0.7887,8406000,BGR,2.8601894414883304
888,2000,Bulgaria,BUL,christianity,6876100,0.836,8225000,BGR,4.76577106392688
889,2005,Bulgaria,BUL,christianity,6403059,0.8273,7740000,BGR,7.12351107638302
890,2010,Bulgaria,BUL,christianity,6206119,0.8227,7543557,BGR,1.32408780093829
892,2000,Moldova,MLD,christianity,4125000,0.9418,4380000,MDA,2.10771605209754
893,2005,Moldova,MLD,christianity,3318141,0.8686,3820000,MDA,7.50000009534195
894,2010,Moldova,MLD,christianity,2925500,0.8213,3562158,MDA,7.10000009243477
905,1995,Romania,ROM,christianity,21446333,0.9456,22681000,ROU,7.13821293256156
906,2000,Romania,ROM,christianity,21984877,0.9847,22327000,ROU,2.39509453301952
907,2005,Romania,ROM,christianity,21407729,0.982,21800000,ROU,4.17191431251776
908,2010,Romania,ROM,christianity,20899522,0.9751,21433182,ROU,-2.81159947950903
913,2000,Latvia,LAT,christianity,1285590,0.5454,2357000,LVA,5.406858484471232
914,2005,Latvia,LAT,christianity,1324373,0.5756,2301000,LVA,10.697037062198
915,2010,Latvia,LAT,christianity,1772369,0.7902,2242818,LVA,-3.94067030557116
917,2000,Lithuania,LIT,christianity,3115606,0.8489,3670000,LTU,3.83166714045696
918,2005,Lithuania,LIT,christianity,2935356,0.8598,3414000,LTU,7.72740791807141
919,2010,Lithuania,LIT,christianity,2755107,0.8296,3321032,LTU,1.63981964913999
920,1995,Ukraine,UKR,christianity,39860991,0.7774,51277000,UKR,-12.2000000221119
921,2000,Ukraine,UKR,christianity,41626200,0.825,50456000,UKR,5.89999999959699
922,2005,Ukraine,UKR,christianity,39703750,0.8303,47821000,UKR,2.9973590318314502
923,2010,Ukraine,UKR,christianity,39196664,0.852,46005476,UKR,3.83438769855928
924,1995,Belarus,BLR,christianity,7159892,0.6964,10281000,BLR,-10.4000005328809
925,2000,Belarus,BLR,christianity,5989515,0.5851,10236000,BLR,5.8000034981715585
926,2005,Belarus,BLR,christianity,4892500,0.5005,9775000,BLR,9.40000166844632
927,2010,Belarus,BLR,christianity,5394257,0.5684,9490500,BLR,7.798266822697308
928,1995,Armenia,ARM,christianity,3288527,0.8748,3759000,ARM,6.8999984166669295
929,2000,Armenia,ARM,christianity,3416610,0.9706,3520000,ARM,5.8999999986006495
930,2005,Armenia,ARM,christianity,3054651,0.9492,3218000,ARM,13.8657112535004
931,2010,Armenia,ARM,christianity,3086654,0.951,3245781,ARM,2.19999999914582
932,1995,Georgia,GRG,christianity,4581948,0.8458,5417000,GEO,2.59999522220717
933,2000,Georgia,GRG,christianity,4406616,0.887,4968000,GEO,1.83834178668694
934,2005,Georgia,GRG,christianity,3851060,0.8558,4500000,GEO,9.58829021995979
935,2010,Georgia,GRG,christianity,3553010,0.7979999999999999,4452394,GEO,6.2494177370317185
940,1965,Finland,FIN,christianity,4308416,0.9440000000000001,4564000,FIN,5.30285780228266
941,1970,Finland,FIN,christianity,4323418,0.9386,4606000,FIN,5.33390779168666
942,1975,Finland,FIN,christianity,4342197,0.9217,4711000,FIN,1.8048977044041696
943,1980,Finland,FIN,christianity,4367880,0.9138,4780000,FIN,5.389047424781129
944,1985,Finland,FIN,christianity,4410722,0.8998,4902000,FIN,3.5366931918656097
945,1990,Finland,FIN,christianity,4437525,0.89,4986000,FIN,0.675783493968225
946,1995,Finland,FIN,christianity,4444851,0.8702,5108000,FIN,4.20713067270178
947,2000,Finland,FIN,christianity,4468908,0.8634,5176000,FIN,5.63484745219101
948,2005,Finland,FIN,christianity,4422378,0.843,5246000,FIN,2.77995503098056
949,2010,Finland,FIN,christianity,4258941,0.794,5363908,FIN,2.99233750220186
954,1965,Sweden,SWD,christianity,7406710,0.9577,7734000,SWE,3.82145314801153
955,1970,Sweden,SWD,christianity,7610420,0.9462,8043000,SWE,6.04200875163579
956,1975,Sweden,SWD,christianity,7664397,0.9355,8193000,SWE,2.5528626755675
957,1980,Sweden,SWD,christianity,7714093,0.9283,8310000,SWE,1.6999714188559398
958,1985,Sweden,SWD,christianity,7739016,0.9268,8350000,SWE,2.16037374180449
959,1990,Sweden,SWD,christianity,7833833,0.9153,8559000,SWE,0.754674750645407
960,1995,Sweden,SWD,christianity,7933826,0.8984,8831000,SWE,4.02430654077801
961,2000,Sweden,SWD,christianity,7734793,0.8681,8910000,SWE,4.73528713324107
962,2005,Sweden,SWD,christianity,7630100,0.845,9030000,SWE,2.8183296177564
963,2010,Sweden,SWD,christianity,7133814,0.7606,9379022,SWE,6.10424992231479
968,1965,Norway,NOR,christianity,3519138,0.9452,3723000,NOR,5.2856088005522
969,1970,Norway,NOR,christianity,3590168,0.9259999999999999,3877000,NOR,1.94330050548352
970,1975,Norway,NOR,christianity,3623033,0.9042,4007000,NOR,4.95203452122087
971,1980,Norway,NOR,christianity,3655897,0.8947,4086000,NOR,4.564618249346911
972,1985,Norway,NOR,christianity,3713291,0.8941,4153000,NOR,5.553318027069071
973,1990,Norway,NOR,christianity,3819633,0.9006,4241000,NOR,1.93243886932204
974,1995,Norway,NOR,christianity,3962924,0.9091,4359000,NOR,4.15395057661902
975,2000,Norway,NOR,christianity,3956900,0.8862,4465000,NOR,3.20528507503268
976,2005,Norway,NOR,christianity,4168814,0.9018,4623000,NOR,2.6247205350504
977,2010,Norway,NOR,christianity,4103723,0.8401,4885082,NOR,0.691663072400317
982,1965,Denmark,DEN,christianity,4676866,0.9829,4758000,DNK,4.55525481407099
983,1970,Denmark,DEN,christianity,4824090,0.9787,4929000,DNK,2.7352181177912795
984,1975,Denmark,DEN,christianity,4804803,0.9496,5060000,DNK,-1.45654173447139
985,1980,Denmark,DEN,christianity,4783315,0.9337,5123000,DNK,-0.482992254274009
986,1985,Denmark,DEN,christianity,4780328,0.9348,5114000,DNK,4.003685575030319
987,1990,Denmark,DEN,christianity,4777340,0.9294,5140000,DNK,1.47524472572842
988,1995,Denmark,DEN,christianity,4703433,0.8997,5228000,DNK,3.02763407299729
989,2000,Denmark,DEN,christianity,4551334,0.8599,5293000,DNK,3.74690021235362
990,2005,Denmark,DEN,christianity,4544945,0.8392,5416000,DNK,2.33666449082062
991,2010,Denmark,DEN,christianity,4527237,0.8172,5539634,DNK,1.87099263866214
996,1965,Iceland,ICE,christianity,188324,0.9809,192000,ISL,7.371729298707019
1003,2000,Iceland,ICE,christianity,268427,0.9553,281000,ISL,4.60299208852231
1004,2005,Iceland,ICE,christianity,277615,0.9379,296000,ISL,6.39052647523808
1005,2010,Iceland,ICE,christianity,290063,0.9155,316821,ISL,-0.903509021011857
1020,2005,Sao Tome and Principe,STP,christianity,139070,0.9334,149000,STP,7.09377044823154
1021,2010,Sao Tome and Principe,STP,christianity,153810,0.9441,162915,STP,6.67198531992177
1025,1985,Equatorial Guinea,EQG,christianity,284570,0.9121,312000,GNQ,12.9051788682024
1026,1990,Equatorial Guinea,EQG,christianity,318600,0.9155,348000,GNQ,-1.7585640840493402
1027,1995,Equatorial Guinea,EQG,christianity,339545,0.8959,379000,GNQ,17.4862637323938
1028,2000,Equatorial Guinea,EQG,christianity,394530,0.8709,453000,GNQ,18.2137799569674
1029,2005,Equatorial Guinea,EQG,christianity,526785,0.865,609000,GNQ,16.7487006053541
1030,2010,Equatorial Guinea,EQG,christianity,622914,0.892,698295,GNQ,-8.92417588851806
1031,2000,Benin,BEN,christianity,2635093,0.4322,6097000,BEN,5.859992101105831
1032,2005,Benin,BEN,christianity,3161071,0.4275,7395000,BEN,1.71157762807459
1033,2010,Benin,BEN,christianity,3514394,0.4,8785996,BEN,2.11019929660023
1036,2005,Liberia,LBR,christianity,2281310,0.6843,3334000,LBR,5.281212071411621
1037,2010,Liberia,LBR,christianity,3542240,0.85,4167344,LBR,6.099827602055808
1039,1965,Ghana,GHA,christianity,3668638,0.4685,7831000,GHA,1.36899886954238
1040,1970,Ghana,GHA,christianity,4403670,0.5101,8633000,GHA,9.723472586859241
1041,1975,Ghana,GHA,christianity,5100000,0.519,9826000,GHA,-12.4316290218361
1042,1980,Ghana,GHA,christianity,5800000,0.5366,10808000,GHA,0.471695942558071
1043,1985,Ghana,GHA,christianity,7100000,0.5583,12717000,GHA,5.0916172729732185
1044,1990,Ghana,GHA,christianity,8280300,0.5514,15018000,GHA,3.3288178832204505
1045,1995,Ghana,GHA,christianity,10150510,0.5854,17338000,GHA,4.11241903993442
1046,2000,Ghana,GHA,christianity,10986230,0.5435,20212000,GHA,3.70000011463807
1047,2005,Ghana,GHA,christianity,12666130,0.5935,21343000,GHA,5.90000395288148
1048,2010,Ghana,GHA,christianity,16879326,0.7034,23997252,GHA,7.89971191216321
1049,1990,Togo,TOG,christianity,1467000,0.4163,3524000,TGO,-0.243656135667436
1050,1995,Togo,TOG,christianity,1777899,0.4352,4085000,TGO,7.84583231723717
1051,2005,Togo,TOG,christianity,2513727,0.47100000000000003,5337000,TGO,1.18040695642298
1052,2010,Togo,TOG,christianity,2797212,0.48,5827529,TGO,6.0992591608204805
1053,1975,Cameroon,CAO,christianity,3270910,0.4346,7526000,CMR,11.245058774704699
1054,1980,Cameroon,CAO,christianity,3935900,0.4629,8503000,CMR,-1.96529166883708
1055,1985,Cameroon,CAO,christianity,5077980,0.4995,10166000,CMR,8.0631616718716
1056,1990,Cameroon,CAO,christianity,6038000,0.5258,11484000,CMR,-6.105697646082669
1057,1995,Cameroon,CAO,christianity,7036810,0.53,13277000,CMR,3.4697921483269
1058,2000,Cameroon,CAO,christianity,7566370,0.5016,15085000,CMR,3.5533743641612703
1059,2005,Cameroon,CAO,christianity,8938935,0.5015,17823000,CMR,2.02066230714679
1060,2010,Cameroon,CAO,christianity,9868484,0.4952,19929964,CMR,3.4225076411544
1062,1980,Nigeria,NIG,christianity,33291760,0.4622,72024000,NGA,4.20483104683032
1063,1990,Nigeria,NIG,christianity,44038540,0.45799999999999996,96154000,NGA,11.776885932349401
1065,1965,Gabon,GAB,christianity,311640,0.6745,462000,GAB,8.33333566041171
1066,1970,Gabon,GAB,christianity,362200,0.7187,504000,GAB,8.679342175560711
1067,1975,Gabon,GAB,christianity,471871,0.7957,593000,GAB,19.1901149100017
1068,1980,Gabon,GAB,christianity,525000,0.7598,691000,GAB,2.55293715765221
1069,1985,Gabon,GAB,christianity,685540,0.8537,803000,GAB,-2.33294933269414
1070,1990,Gabon,GAB,christianity,806600,0.8627,935000,GAB,5.19223727652398
1071,1995,Gabon,GAB,christianity,946880,0.88,1076000,GAB,4.973847763351031
1072,2000,Gabon,GAB,christianity,936379,0.7638,1226000,GAB,-1.88296639760897
1073,2005,Gabon,GAB,christianity,963099,0.7335,1313000,GAB,2.67620333310926
1074,2010,Gabon,GAB,christianity,1047752,0.7472,1402214,GAB,7.089887314551259
1075,1970,Central African Republic,CEN,christianity,909406,0.4863,1870000,CAF,2.33288087679347
1076,1975,Central African Republic,CEN,christianity,1116773,0.5458,2046000,CAF,0.404987104042064
1077,1980,Central African Republic,CEN,christianity,1395400,0.6043,2309000,CAF,-4.4786388479494805
1078,1985,Central African Republic,CEN,christianity,1677360,0.6432,2608000,CAF,3.92721953798056
1079,1990,Central African Republic,CEN,christianity,1853000,0.6326,2929000,CAF,-2.1475280657408704
1080,1995,Central African Republic,CEN,christianity,2159140,0.6597,3273000,CAF,7.20004555751903
1081,2000,Central African Republic,CEN,christianity,1662483,0.4599,3615000,CAF,-2.48943244028874
1082,2005,Central African Republic,CEN,christianity,2017690,0.49200000000000005,4101000,CAF,0.908210514871953
1083,2010,Central African Republic,CEN,christianity,2215305,0.49200000000000005,4502654,CAF,3.04663473280731
1110,1985,Uganda,UGA,christianity,11555000,0.7828,14762000,UGA,-3.30638000343023
1111,1990,Uganda,UGA,christianity,13556620,0.8143,16649000,UGA,6.474140150859211
1112,1995,Uganda,UGA,christianity,15511805,0.8053,19263000,UGA,11.5232438082442
1113,2000,Uganda,UGA,christianity,17829965,0.8187,21778000,UGA,3.1419073382037204
1114,2005,Uganda,UGA,christianity,21257472,0.8023,26495000,UGA,6.33256511630916
1115,2010,Uganda,UGA,christianity,25921856,0.833,31118996,UGA,5.63759980250855
1116,1965,Kenya,KEN,christianity,5667984,0.5814,9749000,KEN,2.0090941708295103
1117,1970,Kenya,KEN,christianity,6954849,0.6184,11247000,KEN,-4.65544691356283
1118,1975,Kenya,KEN,christianity,8716385,0.6498,13413000,KEN,0.882203178447966
1119,1980,Kenya,KEN,christianity,11452100,0.6871,16667000,KEN,5.5919762065950405
1120,1985,Kenya,KEN,christianity,14886320,0.7321,20333000,KEN,4.30056181950171
1121,1990,Kenya,KEN,christianity,18867000,0.7851,24032000,KEN,4.19205097421585
1122,1995,Kenya,KEN,christianity,24049800,0.7879,30522000,KEN,4.40621652580508
1123,2000,Kenya,KEN,christianity,23881200,0.7939,30080000,KEN,0.599695391613636
1124,2005,Kenya,KEN,christianity,29036215,0.8233,35267000,KEN,5.90666608168013
1125,2010,Kenya,KEN,christianity,32402646,0.8063,40187108,KEN,8.40569922421719
1130,1990,Tanzania,TAZ,christianity,12378600,0.4829,25635000,TZA,7.045071643841782
1131,1995,Tanzania,TAZ,christianity,15624860,0.515,30337000,TZA,3.56991186829403
1132,2000,Tanzania,TAZ,christianity,16989531,0.5069,33517000,TZA,4.520784635061731
1133,2005,Tanzania,TAZ,christianity,18595935,0.4975,37379000,TZA,7.476319257811849
1134,2010,Tanzania,TAZ,christianity,20574501,0.4777,43070004,TZA,6.33652342753945
1135,1965,Burundi,BUI,christianity,2342275,0.7297,3210000,BDI,3.96722560866229
1136,1970,Burundi,BUI,christianity,2601642,0.7341,3544000,BDI,21.3256707328197
1137,1975,Burundi,BUI,christianity,2852678,0.7617,3745000,BDI,0.6979202361705179
1138,1980,Burundi,BUI,christianity,3363420,0.8168,4118000,BDI,0.991055725131801
1139,1985,Burundi,BUI,christianity,4025690,0.8533,4718000,BDI,11.7831801831474
1140,1990,Burundi,BUI,christianity,4891200,0.8962,5458000,BDI,3.499822140037049
1141,1995,Burundi,BUI,christianity,5424155,0.9067,5982000,BDI,-7.920000000657098
1142,2000,Burundi,BUI,christianity,5623798,0.84,6695000,BDI,-0.856864059223014
1143,2005,Burundi,BUI,christianity,6632591,0.8777,7557000,BDI,0.9000000028643459
1144,2010,Burundi,BUI,christianity,7641386,0.889,8595166,BDI,5.1241633033803895
1145,1965,Rwanda,RWA,christianity,1826997,0.5837,3130000,RWA,7.00952925489449
1146,1970,Rwanda,RWA,christianity,2256319,0.6115,3690000,RWA,6.00142524499697
1147,1975,Rwanda,RWA,christianity,2726858,0.6503,4193000,RWA,-2.11382542302782
1148,1980,Rwanda,RWA,christianity,3603000,0.698,5162000,RWA,8.951612330759449
1149,1985,Rwanda,RWA,christianity,4475220,0.7395,6052000,RWA,4.40274833640078
1150,1990,Rwanda,RWA,christianity,5702750,0.7941,7181000,RWA,-2.39929109691023
1151,1995,Rwanda,RWA,christianity,4359705,0.841,5184000,RWA,35.224078307843705
1152,2000,Rwanda,RWA,christianity,6779963,0.8768,7733000,RWA,8.370910444947981
1153,2005,Rwanda,RWA,christianity,8064826,0.8969,8992000,RWA,9.37787568557921
1154,2010,Rwanda,RWA,christianity,9252868,0.8945,10344436,RWA,7.3086978465898085
1163,1985,Ethiopia,ETH,christianity,24156800,0.5459,44255000,ETH,-11.144352977637901
1164,1990,Ethiopia,ETH,christianity,29253960,0.5660000000000001,51689000,ETH,2.72645178301019
1165,1995,Ethiopia,ETH,christianity,32575450,0.5748,56677000,ETH,6.1275114137654505
1166,2000,Ethiopia,ETH,christianity,38159809,0.6099,62565000,ETH,6.07321747957957
1167,2005,Ethiopia,ETH,christianity,42171769,0.5773,73044000,ETH,11.818765946649401
1168,2010,Ethiopia,ETH,christianity,50654152,0.6156,82278800,ETH,12.5505383459308
1169,2010,Eritrea,ERI,christianity,3009808,0.575,5234450,ERI,2.19419054483319
1172,1985,Angola,ANG,christianity,7285380,0.9103,8003000,AGO,3.49999948953466
1173,1990,Angola,ANG,christianity,9307500,0.9289,10020000,AGO,-3.45009868360484
1174,1995,Angola,ANG,christianity,9875230,0.9129999999999999,10816000,AGO,15.0000000268977
1175,2000,Angola,ANG,christianity,10839535,0.8417,12878000,AGO,3.0546242337218
1176,2005,Angola,ANG,christianity,15029280,0.9044,16618000,AGO,15.028915319377804
1177,2010,Angola,ANG,christianity,17034849,0.8912,19114176,AGO,4.859219583967519
1178,1995,Mozambique,MZM,christianity,7432920,0.4266,17423000,MOZ,2.2373100453749504
1179,2000,Mozambique,MZM,christianity,7571947,0.3848,19680000,MOZ,1.6785029847975002
1180,2005,Mozambique,MZM,christianity,8746666,0.4504,19420000,MOZ,8.72066787720824
1181,2010,Mozambique,MZM,christianity,10340024,0.4734,21841850,MOZ,6.687731782768401
1182,1965,Zambia,ZAM,christianity,2358273,0.6382,3695000,ZMB,16.6474559632126
1183,1970,Zambia,ZAM,christianity,2837354,0.6695,4238000,ZMB,4.79711290318896
1184,1975,Zambia,ZAM,christianity,3468156,0.7088,4893000,ZMB,-2.26932892418952
1185,1980,Zambia,ZAM,christianity,4122960,0.7185,5738000,ZMB,3.03562235066104
1186,1985,Zambia,ZAM,christianity,4900000,0.7286,6725000,ZMB,1.6153103675931102
1187,1990,Zambia,ZAM,christianity,6080800,0.7532,8073000,ZMB,-0.481072027781664
1188,1995,Zambia,ZAM,christianity,6410000,0.7932,8081000,ZMB,2.89766889341698
1189,2000,Zambia,ZAM,christianity,7513167,0.8194,9169000,ZMB,3.89732294341896
1190,2005,Zambia,ZAM,christianity,9953669,0.87,11441000,ZMB,7.23559900655543
1191,2010,Zambia,ZAM,christianity,11344499,0.87,13039656,ZMB,10.298205851749302
1192,1970,Zimbabwe,ZIM,christianity,2773506,0.5223,5310000,ZWE,22.565150839186398
1193,1975,Zimbabwe,ZIM,christianity,3490253,0.5558,6280000,ZWE,-1.93122323880061
1194,1980,Zimbabwe,ZIM,christianity,4347000,0.6126,7096000,ZWE,14.420683903896599
1195,1985,Zimbabwe,ZIM,christianity,5447857,0.6502,8379000,ZWE,6.944387765710402
1196,1990,Zimbabwe,ZIM,christianity,6548714,0.6990000000000001,9369000,ZWE,6.98855293318542
1197,1995,Zimbabwe,ZIM,christianity,8271850,0.7177,11526000,ZWE,0.158025752422915
1198,2000,Zimbabwe,ZIM,christianity,7563983,0.6482,11669000,ZWE,-3.0591896255348097
1199,2005,Zimbabwe,ZIM,christianity,9865000,0.7974,12372000,ZWE,-5.71108383304693
1200,2010,Zimbabwe,ZIM,christianity,9961179,0.8188,12165294,ZWE,19.6753231424645
1201,1965,Malawi,MAW,christianity,2199998,0.5629,3908000,MWI,13.616493419952901
1202,1970,Malawi,MAW,christianity,2709383,0.5882,4606000,MWI,0.47929797784461
1203,1975,Malawi,MAW,christianity,3264691,0.6235,5236000,MWI,6.08682380989339
1204,1980,Malawi,MAW,christianity,3900000,0.6451,6046000,MWI,0.406746413020343
1205,1985,Malawi,MAW,christianity,4488350,0.6358,7059000,MWI,4.57098230190145
1206,1990,Malawi,MAW,christianity,5352920,0.6458,8289000,MWI,5.692294493757499
1207,1995,Malawi,MAW,christianity,6730375,0.6876,9788000,MWI,16.7288175920015
1208,2000,Malawi,MAW,christianity,6890909,0.6307,10925000,MWI,1.5760778373467
1209,2005,Malawi,MAW,christianity,8664396,0.7021,12341000,MWI,3.2687258275753
1210,2010,Malawi,MAW,christianity,10452600,0.7228,14460699,MWI,6.87406563500952
1215,1965,South Africa,SAF,christianity,14669841,0.7482,19607000,ZAF,6.122760827204161
1216,1970,South Africa,SAF,christianity,17146838,0.7635,22458000,ZAF,5.24867413450896
1217,1975,South Africa,SAF,christianity,19751186,0.7695,25669000,ZAF,1.6954481772651595
1218,1980,South Africa,SAF,christianity,22598100,0.7747,29170000,ZAF,6.62058508131413
1219,1985,South Africa,SAF,christianity,25537066,0.7728,33043000,ZAF,-1.21148371912611
1220,1990,South Africa,SAF,christianity,28864199,0.7787,37066000,ZAF,-0.317785675763304
1221,1995,South Africa,SAF,christianity,35332102,0.8567,41244000,ZAF,3.09999541832644
1222,2000,South Africa,SAF,christianity,31630111,0.7834,40377000,ZAF,4.20000347551795
1223,2005,South Africa,SAF,christianity,37919459,0.8011,47335000,ZAF,5.2770563116366
1224,2010,South Africa,SAF,christianity,40488807,0.8094,50022088,ZAF,3.0397308136016603
1225,1990,Namibia,NAM,christianity,1248000,0.9231,1352000,NAM,2.04745993950704
1226,1995,Namibia,NAM,christianity,1400596,0.9118,1536000,NAM,3.89901423115387
1227,2000,Namibia,NAM,christianity,1471479,0.8525,1726000,NAM,3.49218332757131
1228,2005,Namibia,NAM,christianity,1693277,0.8652,1957000,NAM,2.5292626020931803
1229,2010,Namibia,NAM,christianity,1865944,0.87,2144764,NAM,6.0392494914289285
1230,1970,Lesotho,LES,christianity,867092,0.8149,1064000,LSO,2.1770711668364298
1231,1975,Lesotho,LES,christianity,1029295,0.8671,1187000,LSO,-13.5134975580721
1232,1980,Lesotho,LES,christianity,1191500,0.8898,1339000,LSO,-2.74477923989163
1233,1985,Lesotho,LES,christianity,1362730,0.9067,1503000,LSO,2.61024933004865
1234,1990,Lesotho,LES,christianity,1612530,0.9044,1783000,LSO,6.04547332985949
1235,1995,Lesotho,LES,christianity,1824570,0.9001,2027000,LSO,3.29093857731526
1236,2000,Lesotho,LES,christianity,1907000,0.8857,2153000,LSO,3.87554660661998
1237,2005,Lesotho,LES,christianity,1842825,0.9237,1995000,LSO,3.46612293627105
1238,2010,Lesotho,LES,christianity,1972951,0.9418,2094896,LSO,6.072038616327388
1239,1985,Botswana,BOT,christianity,544000,0.5,1088000,BWA,7.12527126928725
1240,1990,Botswana,BOT,christianity,704700,0.5421,1300000,BWA,6.7728219493255315
1241,1995,Botswana,BOT,christianity,835638,0.5739,1456000,BWA,7.03041026074564
1242,2000,Botswana,BOT,christianity,874624,0.5392,1622000,BWA,1.98769585438754
1243,2005,Botswana,BOT,christianity,1138738,0.6667,1708000,BWA,4.5566456573284295
1244,2010,Botswana,BOT,christianity,1250799,0.6920000000000001,1807515,BWA,8.56363174773267
1254,1970,Madagascar,MAG,christianity,3455264,0.5037,6860000,MDG,5.276455574847629
1255,1980,Madagascar,MAG,christianity,4510880,0.4972,9072000,MDG,0.805770817691794
1256,1985,Madagascar,MAG,christianity,5009750,0.5017,9985000,MDG,1.15587716429373
1257,1990,Madagascar,MAG,christianity,5896410,0.5266,11197000,MDG,3.1300294278687297
1258,1995,Madagascar,MAG,christianity,8113115,0.5455,14874000,MDG,1.71221317582496
1259,2000,Madagascar,MAG,christianity,9825986,0.6164,15942000,MDG,4.760065098911982
1260,2005,Madagascar,MAG,christianity,10372048,0.585,17730000,MDG,4.60289996515068
1261,2010,Madagascar,MAG,christianity,12031782,0.5858,20538780,MDG,0.263110855703317
1262,1980,Seychelles,SEY,christianity,61480,0.9759,63000,SYC,-4.24852258876419
1263,1985,Seychelles,SEY,christianity,63080,0.9705,65000,SYC,11.1257375778927
1264,1990,Seychelles,SEY,christianity,67950,0.9707,70000,SYC,6.99554469003365
1265,1995,Seychelles,SEY,christianity,72574,0.9677,75000,SYC,-0.8256423627434799
1266,2000,Seychelles,SEY,christianity,72320,0.9392,77000,SYC,1.51433881472376
1267,2005,Seychelles,SEY,christianity,76719,0.9243,83000,SYC,9.00576142828393
1268,2010,Seychelles,SEY,christianity,81121,0.9365,86617,SYC,5.95496246872393
1281,1965,Philippines,PHI,christianity,29701787,0.9316,31881000,PHL,5.26581046402204
1282,1970,Philippines,PHI,christianity,34409552,0.938,36684000,PHL,3.7646048586699
1283,1975,Philippines,PHI,christianity,39122878,0.9299,42071000,PHL,5.56477362422095
1284,1980,Philippines,PHI,christianity,45065360,0.9327,48317000,PHL,5.14891129434373
1285,1985,Philippines,PHI,christianity,50587120,0.9254,54668000,PHL,-7.30660883593995
1286,1990,Philippines,PHI,christianity,56991959,0.927,61480000,PHL,3.0369662939821804
1287,1995,Philippines,PHI,christianity,63749979,0.9073,70267000,PHL,4.67869221922228
1288,2000,Philippines,PHI,christianity,70508000,0.9216,76510000,PHL,4.4112221600475
1289,2005,Philippines,PHI,christianity,76584168,0.9091,84241000,PHL,4.777667820082732
1290,2010,Philippines,PHI,christianity,84493445,0.9174,92097978,PHL,7.63226477978098
1297,1965,Australia,AUL,christianity,10696019,0.9392,11388000,AUS,5.98345003182685
1298,1970,Australia,AUL,christianity,11624696,0.9295,12507000,AUS,7.17218249969342
1299,1975,Australia,AUL,christianity,12364770,0.89,13893000,AUS,1.35033806932037
1300,1980,Australia,AUL,christianity,12732700,0.8665,14695000,AUS,3.03420651964717
1301,1985,Australia,AUL,christianity,13256330,0.8396,15788000,AUS,5.2492064621253
1302,1990,Australia,AUL,christianity,14059050,0.8239,17065000,AUS,3.5645510463558
1303,1995,Australia,AUL,christianity,14418100,0.7978,18072000,AUS,3.829368753165201
1304,2000,Australia,AUL,christianity,14578660,0.7719,18886000,AUS,3.94318908229896
1305,2005,Australia,AUL,christianity,14609098,0.7163,20395000,AUS,3.19031634041626
1306,2010,Australia,AUL,christianity,13150670,0.6145,21400000,AUS,2.05294200395332
1307,1975,Papua New Guinea,PNG,christianity,2615347,0.9701,2696000,PNG,-0.8798841697081059
1308,1980,Papua New Guinea,PNG,christianity,2849420,0.9568,2978000,PNG,-2.30345119912241
1309,1985,Papua New Guinea,PNG,christianity,3183795,0.9541,3337000,PNG,4.00019034769514
1310,1990,Papua New Guinea,PNG,christianity,3513400,0.9501,3698000,PNG,-3.01216922049173
1311,1995,Papua New Guinea,PNG,christianity,3891350,0.9552,4074000,PNG,-3.3124487782966603
1312,2000,Papua New Guinea,PNG,christianity,4614720,0.96,4807000,PNG,-2.49484199260023
1313,2005,Papua New Guinea,PNG,christianity,5873280,0.96,6118000,PNG,6.34479592309654
1314,2010,Papua New Guinea,PNG,christianity,6611410,0.96,6886887,PNG,10.1246862187585
1321,1975,New Zealand,NEW,christianity,2873329,0.932,3083000,NZL,-1.7316829087663002
1322,1980,New Zealand,NEW,christianity,2836440,0.9112,3113000,NZL,1.28428259772384
1323,1985,New Zealand,NEW,christianity,2852040,0.8784,3247000,NZL,1.61466143919471
1324,1990,New Zealand,NEW,christianity,2830080,0.8418,3362000,NZL,0.6496401902864329
1325,1995,New Zealand,NEW,christianity,2698123,0.7618,3542000,NZL,4.5772167305489
1326,2000,New Zealand,NEW,christianity,2535249,0.6565,3862000,NZL,2.2894393537125803
1327,2005,New Zealand,NEW,christianity,2235307,0.5407,4134000,NZL,3.3189057859135898
1328,2010,New Zealand,NEW,christianity,2361557,0.5407,4367490,NZL,0.9621571889926908
1329,1985,Vanuatu,VAN,christianity,123960,0.9115,136000,VUT,0.983989348899343
1330,1990,Vanuatu,VAN,christianity,130480,0.9061,144000,VUT,11.7064847304093
1331,1995,Vanuatu,VAN,christianity,149450,0.9058,165000,VUT,1.01176027814982
1332,2000,Vanuatu,VAN,christianity,165300,0.87,190000,VUT,5.922044538915942
1333,2005,Vanuatu,VAN,christianity,179580,0.82,219000,VUT,5.302852309571951
1334,2010,Vanuatu,VAN,christianity,205190,0.85,241400,VUT,1.62908159635768
1338,1995,Solomon Islands,SOL,christianity,358780,0.9492,378000,SLB,8.22359204728184
1339,2000,Solomon Islands,SOL,christianity,408480,0.92,444000,SLB,-14.2674830306195
1340,2005,Solomon Islands,SOL,christianity,447270,0.9128,490000,SLB,5.42119323241317
1341,2010,Solomon Islands,SOL,christianity,482878,0.9,536533,SLB,6.80904500865549
1342,2000,Kiribati,KIR,christianity,97970,0.97,101000,KIR,6.25
1343,2005,Kiribati,KIR,christianity,88320,0.96,92000,KIR,4.95163162646719
1344,2010,Kiribati,KIR,christianity,98880,0.96,103000,KIR,-0.923884656867074
1345,2000,Tuvalu,TUV,christianity,10450,0.95,11000,TUV,-0.9705998139625648
1346,2005,Tuvalu,TUV,christianity,9700,0.97,10000,TUV,-3.77972996161054
1347,2010,Tuvalu,TUV,christianity,9764,0.9699,10067,TUV,-2.72942791190967
1348,1970,Fiji,FIJ,christianity,262522,0.5049,520000,FJI,12.7027111280633
1349,1975,Fiji,FIJ,christianity,288710,0.5074,569000,FJI,0.530211188686593
1350,1980,Fiji,FIJ,christianity,315460,0.4976,634000,FJI,-1.6034569340157
1351,1985,Fiji,FIJ,christianity,350700,0.5032,697000,FJI,-4.6134748670672
1352,1990,Fiji,FIJ,christianity,415840,0.5689,731000,FJI,5.80000271926595
1353,1995,Fiji,FIJ,christianity,485735,0.6102,796000,FJI,2.49999853774953
1354,2000,Fiji,FIJ,christianity,449482,0.5502,817000,FJI,-1.69999854029383
1355,2005,Fiji,FIJ,christianity,448500,0.5436,825000,FJI,0.7000003830484051
1356,2010,Fiji,FIJ,christianity,549963,0.64,859318,FJI,2.95467207375202
1357,2000,Tonga,TON,christianity,89100,0.81,110000,TON,3.3698396935288
1358,2005,Tonga,TON,christianity,91044,0.81,112400,TON,1.58216837635834
1359,2010,Tonga,TON,christianity,98745,0.9421,104817,TON,3.58565737051792
1362,2010,Nauru,NAU,christianity,9638,0.9699,9937,NRU,13.550826776623001
1363,1995,Marshall Islands,MSI,christianity,53240,0.9507,56000,MHL,8.21322773827582
1364,2000,Marshall Islands,MSI,christianity,57400,0.8969,64000,MHL,5.890694311607058
1365,2005,Marshall Islands,MSI,christianity,51347,0.9509,54000,MHL,2.9154541149095694
1366,2010,Marshall Islands,MSI,christianity,50971,0.9341,54566,MHL,6.453637685386339
1369,2005,Palau,PAL,christianity,18100,0.8227,22000,PLW,4.49325513766911
1370,2010,Palau,PAL,christianity,18391,0.8606,21370,PLW,0.416866485798579
1376,1985,Samoa,WSM,christianity,152325,0.9702,157000,WSM,3.91949635854152
1377,1990,Samoa,WSM,christianity,159500,0.9726,164000,WSM,-4.42145094868916
1378,1995,Samoa,WSM,christianity,161677,0.9799,165000,WSM,6.67364188456673
1379,2000,Samoa,WSM,christianity,174600,0.97,180000,WSM,6.91879029910028
1380,2005,Samoa,WSM,christianity,177510,0.97,183000,WSM,4.156492102770431
1381,2010,Samoa,WSM,christianity,180140,0.9538,188861,WSM,0.47915871283746
1384,1980,Mauritius,MAS,hinduism,434700,0.45,966000,MUS,-10.0612584955793
1385,1985,Mauritius,MAS,hinduism,459450,0.45,1021000,MUS,6.95447546173857
1386,1990,Mauritius,MAS,hinduism,465960,0.44,1059000,MUS,7.18673677131356
1387,1995,Mauritius,MAS,hinduism,493680,0.44,1122000,MUS,4.28773665968163
1388,2000,Mauritius,MAS,hinduism,561300,0.4847,1158000,MUS,9.026614099323
1389,2005,Mauritius,MAS,hinduism,610000,0.4907,1243000,MUS,1.24138753805074
1390,2010,Mauritius,MAS,hinduism,622238,0.4859,1280511,MUS,4.37714374805114
1394,1965,India,IND,hinduism,378198687,0.7838,482529984,IND,-2.6357701098536097
1395,1970,India,IND,hinduism,431738720,0.778,554910976,IND,5.15722973608221
1396,1975,India,IND,hinduism,458088480,0.76,602748000,IND,9.14991201480669
1397,1980,India,IND,hinduism,507774904,0.7541,673388032,IND,6.73582152799783
1398,1985,India,IND,hinduism,569292341,0.7581,750910976,IND,5.25429922330929
1399,1990,India,IND,hinduism,622022768,0.7452,834697024,IND,5.53345456306442
1400,1995,India,IND,hinduism,679818545,0.7422,915971008,IND,7.574491840333719
1401,2000,India,IND,hinduism,827578868,0.8045,1028662016,IND,3.84099115689847
1402,2005,India,IND,hinduism,894489961,0.802,1115318016,IND,7.9234286673551795
1403,2010,India,IND,hinduism,961401054,0.8045,1195000000,IND,8.49758687599316
1408,1965,Nepal,NEP,hinduism,7572905,0.7416,10211000,NPL,-1.20318901706183
1409,1970,Nepal,NEP,hinduism,8345190,0.7368,11327000,NPL,2.57599212629248
1410,1975,Nepal,NEP,hinduism,9470900,0.7379,12835000,NPL,1.45647070823327
1411,1980,Nepal,NEP,hinduism,10529160,0.7195,14634000,NPL,-2.31939420324042
1412,1985,Nepal,NEP,hinduism,11753280,0.72,16324000,NPL,6.14490523816743
1413,1990,Nepal,NEP,hinduism,13039920,0.72,18111000,NPL,4.63503634705982
1414,1995,Nepal,NEP,hinduism,14833760,0.6914,21456000,NPL,3.46845188342333
1415,2000,Nepal,NEP,hinduism,18952560,0.792,23930000,NPL,6.19999998759771
1416,2005,Nepal,NEP,hinduism,20350000,0.8029999999999999,25343000,NPL,3.4791810463114703
1417,2010,Nepal,NEP,hinduism,21551492,0.8134,26494504,NPL,4.8164146502244405
1426,1985,Albania,ALB,islam,1271510,0.43,2957000,ALB,1.7806439597726005
1427,1990,Albania,ALB,islam,1367520,0.42,3256000,ALB,-9.575640169486448
1428,1995,Albania,ALB,islam,1948860,0.54,3609000,ALB,13.2999999923636
1429,2000,Albania,ALB,islam,2051467,0.659,3113000,ALB,6.9499999999999
1430,2005,Albania,ALB,islam,1931812,0.6148,3142000,ALB,5.530000000000089
1431,2010,Albania,ALB,islam,2013180,0.63,3195525,ALB,3.70999999999992
1432,2010,Kosovo,KOS,islam,1657720,0.9561,1733872,XKX,3.3095748392563302
1433,1995,Azerbaijan,AZE,islam,6738299,0.9,7487000,AZE,-11.8000008993603
1434,2000,Azerbaijan,AZE,islam,6960600,0.9,7734000,AZE,11.099999253540599
1435,2005,Azerbaijan,AZE,islam,8056320,0.96,8392000,AZE,26.400000808243107
1436,2010,Azerbaijan,AZE,islam,8595234,0.95,9047615,AZE,4.85433932383958
1449,1970,Mali,MLI,islam,4400377,0.8024,5484000,MLI,6.13695486255888
1450,1975,Mali,MLI,islam,5000000,0.8906,5614000,MLI,11.625049137451999
1451,1980,Mali,MLI,islam,6312550,0.8897,7095000,MLI,-4.3258398689979
1452,1985,Mali,MLI,islam,6630740,0.8764,7566000,MLI,20.2866349407131
1453,1990,Mali,MLI,islam,7163200,0.8783,8156000,MLI,-2.50239510347761
1454,1995,Mali,MLI,islam,9557550,0.8854,10795000,MLI,0.9210223976916008
1455,2000,Mali,MLI,islam,10080350,0.8973,11234000,MLI,-0.0608349718131365
1456,2005,Mali,MLI,islam,10607200,0.9041,11732000,MLI,6.53476265711004
1457,2010,Mali,MLI,islam,12754822,0.94,13568961,MLI,5.41345222224766
1459,1965,Senegal,SEN,islam,2939249,0.75,3919000,SEN,1.33218949041711
1460,1970,Senegal,SEN,islam,3646780,0.8296,4396000,SEN,8.56204551052542
1461,1975,Senegal,SEN,islam,4277639,0.86,4974000,SEN,7.53566259910197
1462,1980,Senegal,SEN,islam,4952910,0.87,5693000,SEN,-3.31064773029023
1463,1985,Senegal,SEN,islam,6118120,0.8857,6908000,SEN,3.28347069350676
1464,1990,Senegal,SEN,islam,6407000,0.8779,7298000,SEN,-0.675638150736376
1465,1995,Senegal,SEN,islam,7328829,0.878,8347000,SEN,5.3634728866420005
1466,2000,Senegal,SEN,islam,8852140,0.9337,9481000,SEN,3.19898803557803
1467,2005,Senegal,SEN,islam,10159120,0.9365,10848000,SEN,5.6226068564607585
1468,2010,Senegal,SEN,islam,11346069,0.9389,12084098,SEN,3.56274538992136
1470,1965,Mauritania,MAA,islam,1085040,0.99,1096000,MRT,16.1383305020331
1471,1970,Mauritania,MAA,islam,1212494,0.993,1221000,MRT,11.9859311516478
1472,1975,Mauritania,MAA,islam,1343580,0.98,1371000,MRT,-5.13437444707161
1473,1980,Mauritania,MAA,islam,1519980,0.98,1551000,MRT,3.3712102197476
1474,1985,Mauritania,MAA,islam,1730680,0.98,1766000,MRT,2.99476050452034
1475,1990,Mauritania,MAA,islam,1972970,0.985,2003000,MRT,-1.7713045336383402
1476,1995,Mauritania,MAA,islam,2261160,0.99,2284000,MRT,9.81980046004915
1477,2000,Mauritania,MAA,islam,2597000,0.9727,2670000,MRT,-0.430406256338159
1478,2005,Mauritania,MAA,islam,2789760,0.96,2906000,MRT,8.96942231802176
1479,2010,Mauritania,MAA,islam,3212166,0.97,3311512,MRT,4.77369717489573
1481,1965,Niger,NIR,islam,2770270,0.7886,3513000,NER,6.91976181872944
1482,1970,Niger,NIR,islam,3400711,0.8451,4024000,NER,3.05577892215352
1483,1975,Niger,NIR,islam,3956000,0.86,4600000,NER,-2.79319343563816
1484,1980,Niger,NIR,islam,4915680,0.88,5586000,NER,-2.23244469110534
1485,1985,Niger,NIR,islam,5881120,0.89,6608000,NER,7.722543884320428
1486,1990,Niger,NIR,islam,6970000,0.9016,7731000,NER,-1.2843553810081498
1487,1995,Niger,NIR,islam,8450430,0.9234,9151000,NER,2.60575585436611
1488,2000,Niger,NIR,islam,9817950,0.915,10730000,NER,-1.4095093500444902
1489,2005,Niger,NIR,islam,11590000,0.9178,12628000,NER,4.49999999936222
1490,2010,Niger,NIR,islam,13714412,0.915,14988429,NER,8.364219532106349
1500,1990,Guinea,GUI,islam,3847000,0.6685,5755000,GIN,4.32406275371827
1501,1995,Guinea,GUI,islam,4997320,0.68,7349000,GIN,4.607673202022
1502,2000,Guinea,GUI,islam,6315500,0.85,7430000,GIN,2.50306056145635
1503,2005,Guinea,GUI,islam,7837850,0.85,9221000,GIN,2.99727256157516
1504,2010,Guinea,GUI,islam,8702832,0.85,10238627,GIN,4.82071541392241
1505,1985,Burkina Faso,BFO,islam,3691592,0.4681,7886000,BFA,8.51736499535107
1506,1990,Burkina Faso,BFO,islam,4376500,0.4862,9001000,BFA,-0.6029284800100501
1507,1995,Burkina Faso,BFO,islam,5100000,0.5,10200000,BFA,5.71637386679349
1508,2000,Burkina Faso,BFO,islam,6804090,0.57,11937000,BFA,1.82024189276156
1509,2005,Burkina Faso,BFO,islam,7425160,0.58,12802000,BFA,8.66186160516736
1510,2010,Burkina Faso,BFO,islam,9023117,0.579,15583968,BFA,5.373373126030611
1511,1990,Sierra Leone,SIE,islam,1798650,0.45,3997000,SLE,3.3499979838772296
1512,1995,Sierra Leone,SIE,islam,2433100,0.58,4195000,SLE,-7.99975328566545
1513,2000,Sierra Leone,SIE,islam,2813860,0.5797,4854000,SLE,6.65272788470479
1514,2005,Sierra Leone,SIE,islam,3147566,0.5717,5506000,SLE,4.50509567160195
1515,2010,Sierra Leone,SIE,islam,3396544,0.5532,6139274,SLE,5.346466052375289
1516,1965,Nigeria,NIG,islam,18983640,0.39,48676000,NGA,4.88497683767659
1517,1970,Nigeria,NIG,islam,22617710,0.4107,55070000,NGA,25.007241925401807
1518,1975,Nigeria,NIG,islam,27642855,0.4404,62770000,NGA,-5.2277475585758895
1519,1985,Nigeria,NIG,islam,47758800,0.4991,95690000,NGA,5.91302746441033
1520,1995,Nigeria,NIG,islam,52361000,0.4687,111722000,NGA,-0.0726647666081561
1521,2000,Nigeria,NIG,islam,60000000,0.5,120000000,NGA,5.01593475721201
1522,2005,Nigeria,NIG,islam,66214665,0.495,133767000,NGA,6.438516524981309
1523,2010,Nigeria,NIG,islam,78284656,0.508,154110416,NGA,8.00565591528422
1525,1965,Chad,CHA,islam,1800000,0.5438,3310000,TCD,0.606227786325775
1526,1970,Chad,CHA,islam,1808053,0.4967,3640000,TCD,1.85965647855537
1527,1975,Chad,CHA,islam,1888026,0.4685,4030000,TCD,9.01026730550454
1528,1980,Chad,CHA,islam,1968000,0.4396,4477000,TCD,-6.04767074733003
1529,1985,Chad,CHA,islam,2208800,0.44,5020000,TCD,21.792773530391997
1530,1990,Chad,CHA,islam,2672890,0.47,5687000,TCD,-4.17847237277677
1531,1995,Chad,CHA,islam,3167500,0.5,6335000,TCD,1.23654931686494
1532,2000,Chad,CHA,islam,4124505,0.5391,7651000,TCD,-0.8796810254448392
1533,2005,Chad,CHA,islam,5530260,0.552,10019000,TCD,17.3325337350837
1534,2010,Chad,CHA,islam,6347232,0.552,11499083,TCD,13.550100859549
1536,1965,Somalia,SOM,islam,4209000,0.9929,4239000,SOM,-5.94368149253904
1537,1970,Somalia,SOM,islam,4778000,0.9973,4791000,SOM,4.58140792145096
1538,1975,Somalia,SOM,islam,5401000,0.9872,5471000,SOM,30.073698584818697
1539,1980,Somalia,SOM,islam,6695000,0.9973,6713000,SOM,-3.9013900443196
1540,1985,Somalia,SOM,islam,7805000,0.9911,7875000,SOM,8.15243671407279
1541,1990,Somalia,SOM,islam,8573000,0.9942,8623000,SOM,-1.48407568424221
1553,1995,Eritrea,ERI,islam,1542000,0.4863,3171000,ERI,2.8583790372196205
1554,2000,Eritrea,ERI,islam,1925000,0.5,3850000,ERI,-3.14198577404406
1555,2005,Eritrea,ERI,islam,2370690,0.53,4473000,ERI,2.57444953025514
1558,1985,Comoros,COM,islam,439040,0.98,448000,COM,2.2799607772245
1559,1990,Comoros,COM,islam,512540,0.98,523000,COM,5.09123641339696
1560,1995,Comoros,COM,islam,601259,0.9824,612000,COM,3.61020643165317
1561,2000,Comoros,COM,islam,680512,0.9806,694000,COM,10.847878616071998
1562,2005,Comoros,COM,islam,588339,0.9806,600000,COM,2.83754786988332
1563,2010,Comoros,COM,islam,666746,0.9806,679961,COM,3.79993345468068
1567,1970,Morocco,MOR,islam,14623270,0.9766,14973000,MAR,4.7134603755210716
1568,1975,Morocco,MOR,islam,16770000,0.9861,17006000,MAR,7.558221561304362
1569,1980,Morocco,MOR,islam,19138680,0.99,19332000,MAR,3.64216481331357
1570,1985,Morocco,MOR,islam,21417690,0.9808,21836000,MAR,6.007652071561692
1571,1990,Morocco,MOR,islam,23923175,0.977,24487000,MAR,3.41181222631381
1572,1995,Morocco,MOR,islam,26102400,0.9893,26386000,MAR,-5.40544786715996
1573,2000,Morocco,MOR,islam,28002800,0.9877,28351000,MAR,1.9128729806376696
1574,2005,Morocco,MOR,islam,29843108,0.9891,30172000,MAR,3.2916396843359603
1575,2010,Morocco,MOR,islam,31430015,0.9891,31776052,MAR,3.8157179167666
1576,1965,Algeria,ALG,islam,10770700,0.9034,11923000,DZA,6.206898209971
1577,1970,Algeria,ALG,islam,13611705,0.9902,13746000,DZA,8.86265710850896
1578,1975,Algeria,ALG,islam,15861508,0.9902,16018000,DZA,5.045341613114911
1579,1980,Algeria,ALG,islam,18479340,0.99,18666000,DZA,0.7906069729812092
1580,1985,Algeria,ALG,islam,21631500,0.99,21850000,DZA,3.6999972551931
1581,1990,Algeria,ALG,islam,24146000,0.965,25022000,DZA,0.8000005799814149
1582,1995,Algeria,ALG,islam,27208500,0.9697,28060000,DZA,3.79999478987638
1583,2000,Algeria,ALG,islam,30865165,0.9807,31471000,DZA,3.81967849559879
1584,2005,Algeria,ALG,islam,32576940,0.99,32906000,DZA,5.90779126808133
1585,2010,Algeria,ALG,islam,35309660,0.99,35666324,DZA,3.63414535334246
1589,1970,Tunisia,TUN,islam,5074740,0.99,5126000,TUN,4.66963177594528
1590,1975,Tunisia,TUN,islam,5330450,0.95,5611000,TUN,7.156099909294679
1591,1980,Tunisia,TUN,islam,6407320,0.9758,6566000,TUN,7.41873959510832
1592,1985,Tunisia,TUN,islam,7117006,0.9802,7261000,TUN,5.64857323525769
1593,1990,Tunisia,TUN,islam,8070750,0.9898,8154000,TUN,7.94981943592961
1594,1995,Tunisia,TUN,islam,8823630,0.985,8958000,TUN,2.35166988755063
1595,2000,Tunisia,TUN,islam,9490140,0.99,9586000,TUN,4.709859945398749
1596,2005,Tunisia,TUN,islam,9928710,0.99,10029000,TUN,3.48653581548528
1597,2010,Tunisia,TUN,islam,10443506,0.99,10548997,TUN,3.5106086386031
1608,2000,Libya,LIB,islam,5436850,0.97,5605000,LBY,3.67921329264158
1609,2005,Libya,LIB,islam,5745310,0.97,5923000,LBY,11.870728929384999
1610,2010,Libya,LIB,islam,6310833,0.9695,6509106,LBY,5.02128973900766
1612,1965,Sudan,SUD,islam,8685300,0.7028,12359000,SDN,6.77707407277404
1613,1970,Sudan,SUD,islam,9649200,0.6962,13859000,SDN,5.925074714472902
1614,1975,Sudan,SUD,islam,11202000,0.7123,15726000,SDN,15.7134664496094
1615,1980,Sudan,SUD,islam,13637130,0.73,18681000,SDN,1.52431014825436
1616,1985,Sudan,SUD,islam,16075066,0.7271,22109000,SDN,-6.28104357959521
1617,1990,Sudan,SUD,islam,17384983,0.6751,25752000,SDN,-5.47005377615477
1618,1995,Sudan,SUD,islam,18694900,0.7,26707000,SDN,5.99709232020214
1619,2000,Sudan,SUD,islam,20053200,0.68,29490000,SDN,6.34586776869979
1620,2005,Sudan,SUD,islam,24777900,0.7,35397000,SDN,7.48973814215957
1621,2010,Sudan,SUD,islam,28488914,0.71,40125232,SDN,3.4693350926497297
1640,1965,Turkey,TUR,islam,30800000,0.9888,31149000,TUR,2.82352954343837
1641,1970,Turkey,TUR,islam,34910321,0.9884,35321000,TUR,3.2335089729326003
1642,1975,Turkey,TUR,islam,39455160,0.9857,40026000,TUR,7.17411268977106
1643,1980,Turkey,TUR,islam,44000000,0.9901,44439000,TUR,-2.44735042580156
1644,1985,Turkey,TUR,islam,48579300,0.9657,50306000,TUR,4.24133571639945
1645,1990,Turkey,TUR,islam,55450432,0.9885,56098000,TUR,9.266146671493232
1646,1995,Turkey,TUR,islam,61019340,0.9899,61644000,TUR,7.87826687618991
1647,2000,Turkey,TUR,islam,65759180,0.9875,66591000,TUR,6.6401467004069685
1648,2005,Turkey,TUR,islam,71087650,0.9864,72065000,TUR,9.00990052297973
1649,2010,Turkey,TUR,islam,75699756,0.9858,76787632,TUR,8.48735778509035
1655,1970,Iraq,IRQ,islam,9062399,0.96,9440000,IRQ,4.544357261306518
1656,1975,Iraq,IRQ,islam,10567800,0.95,11124000,IRQ,12.490662870632804
1657,1980,Iraq,IRQ,islam,12436100,0.9394,13238000,IRQ,24.753727133495307
1658,1985,Iraq,IRQ,islam,15273189,0.98,15585000,IRQ,1.4538966590041995
1659,1990,Iraq,IRQ,islam,17354880,0.96,18078000,IRQ,57.8178290288542
1660,1995,Iraq,IRQ,islam,19693100,0.98,20095000,IRQ,2.12002163496412
1661,2000,Iraq,IRQ,islam,21959250,0.95,23115000,IRQ,1.40647473483672
1662,2005,Iraq,IRQ,islam,26984295,0.965,27963000,IRQ,4.400617409187969
1663,2010,Iraq,IRQ,islam,30210000,0.95,31800000,IRQ,6.40256484471192
1691,1990,Lebanon,LEB,islam,1355000,0.5303,2555000,LBN,26.533160093228997
1692,1995,Lebanon,LEB,islam,1782299,0.5923,3009000,LBN,6.4488625675372
1693,2000,Lebanon,LEB,islam,1870739,0.57,3282000,LBN,1.34187161939805
1694,2005,Lebanon,LEB,islam,2204280,0.54,4082000,LBN,2.74839405525056
1695,2010,Lebanon,LEB,islam,2203740,0.54,4081000,LBN,8.03724955489973
1703,1980,Jordan,JOR,islam,2722640,0.9315,2923000,JOR,19.0117496870605
1704,1985,Jordan,JOR,islam,3582840,0.9347,3833000,JOR,3.45639053450952
1705,1990,Jordan,JOR,islam,4043700,0.9494,4259000,JOR,0.9737564902389408
1706,1995,Jordan,JOR,islam,4973140,0.9256,5373000,JOR,6.18634234852576
1707,2000,Jordan,JOR,islam,6468930,0.97,6669000,JOR,4.245247419413721
1708,2005,Jordan,JOR,islam,5308810,0.97,5473000,JOR,8.1465832887706
1709,2010,Jordan,JOR,islam,5928782,0.97,6112148,JOR,2.31139247356904
1715,1970,Saudi Arabia,SAU,islam,5687550,0.99,5745000,SAU,58.6473306544578
1716,1975,Saudi Arabia,SAU,islam,7039500,0.9708,7251000,SAU,-8.928614314225461
1717,1980,Saudi Arabia,SAU,islam,9400000,0.9788,9604000,SAU,5.652457607116821
1718,1985,Saudi Arabia,SAU,islam,12151000,0.9606,12649000,SAU,-9.794502272239999
1719,1990,Saudi Arabia,SAU,islam,14103600,0.9485,14870000,SAU,15.1934258909531
1720,1995,Saudi Arabia,SAU,islam,17695000,0.9693,18255000,SAU,0.212091347506288
1721,2000,Saudi Arabia,SAU,islam,19351440,0.93,20808000,SAU,5.62541614258343
1722,2005,Saudi Arabia,SAU,islam,21051150,0.9106,23119000,SAU,5.573850121428831
1723,2010,Saudi Arabia,SAU,islam,24477606,0.9382,26090784,SAU,5.03949367491363
1746,1970,Kuwait,KUW,islam,672300,0.9,747000,KWT,3.18174960856328
1747,1975,Kuwait,KUW,islam,936510,0.93,1007000,KWT,-8.00008832588583
1748,1980,Kuwait,KUW,islam,1274100,0.93,1370000,KWT,-20.615525209275997
1749,1985,Kuwait,KUW,islam,1599600,0.93,1720000,KWT,-4.25771879175805
1751,1995,Kuwait,KUW,islam,1507350,0.8914,1691000,KWT,4.858291224162639
1752,2000,Kuwait,KUW,islam,1591600,0.8071,1972000,KWT,4.69458198753053
1753,2005,Kuwait,KUW,islam,2035048,0.9065,2245000,KWT,10.0759509920112
1754,2010,Kuwait,KUW,islam,2478497,0.9195,2695568,KWT,-2.36706194393776
1758,1985,Bahrain,BAH,islam,367000,0.8635,425000,BHR,-4.75826853805687
1759,1990,Bahrain,BAH,islam,434354,0.8635,503000,BHR,4.43799717642639
1760,1995,Bahrain,BAH,islam,546500,0.9455,578000,BHR,3.9299915453202097
1761,2000,Bahrain,BAH,islam,559513,0.9068,617000,BHR,5.29999479407712
1762,2005,Bahrain,BAH,islam,782844,0.8808,888824,BHR,6.768939708829
1763,2010,Bahrain,BAH,islam,1106174,0.8959999999999999,1234571,BHR,4.33440708785902
1771,2005,Qatar,QAT,islam,553335,0.7437,744029,QAT,7.492758506281179
1772,2010,Qatar,QAT,islam,798733,0.47,1699435,QAT,19.592331533545998
1775,1980,United Arab Emirates,UAE,islam,931399,0.9176,1015000,ARE,23.874774910498
1776,1985,United Arab Emirates,UAE,islam,1473440,0.9494,1552000,ARE,-3.59447651736838
1777,1990,United Arab Emirates,UAE,islam,1790000,0.9318,1921000,ARE,18.3279855336405
1778,1995,United Arab Emirates,UAE,islam,2221440,0.96,2314000,ARE,6.68788646362944
1779,2000,United Arab Emirates,UAE,islam,1582317,0.6482,2441000,ARE,10.8527042125985
1780,2005,United Arab Emirates,UAE,islam,2566912,0.6425,3995000,ARE,4.85514119630903
1781,2010,United Arab Emirates,UAE,islam,4208337,0.6748,6236650,ARE,1.60280996068229
1782,1970,Oman,OMA,islam,745000,1.0,745000,OMN,13.8950964387045
1783,1975,Oman,OMA,islam,841000,1.0,841000,OMN,24.4335027373294
1784,1980,Oman,OMA,islam,1091000,0.9655,1130000,OMN,6.0354441145694
1785,1985,Oman,OMA,islam,1338000,0.9389,1425000,OMN,14.0071971053407
1786,1990,Oman,OMA,islam,1710525,0.8553,2000000,OMN,-0.130425740072283
1787,1995,Oman,OMA,islam,2139556,0.8915,2400000,OMN,4.99681966342553
1788,2000,Oman,OMA,islam,2376959,0.9309,2553300,OMN,5.40137271684387
1789,2005,Oman,OMA,islam,2412319,0.9278,2600000,OMN,2.49045835992148
1790,2010,Oman,OMA,islam,2678195,0.8987,2979954,OMN,4.804711285052259
1803,2005,Afghanistan,AFG,islam,25497000,0.9807,26000000,AFG,11.2297148388595
1804,2010,Afghanistan,AFG,islam,26880000,0.9956,27000000,AFG,14.362441459681499
1805,1995,Turkmenistan,TKM,islam,4013010,0.89,4509000,TKM,-7.2000409344549
1806,2000,Turkmenistan,TKM,islam,3968510,0.89,4459000,TKM,5.46906413252854
1807,2005,Turkmenistan,TKM,islam,4688520,0.89,5268000,TKM,13.034034870022
1808,2010,Turkmenistan,TKM,islam,4998243,0.89,5616004,TKM,9.199999988054829
1809,1995,Tajikistan,TAJ,islam,4960600,0.85,5836000,TJK,-12.4163206338535
1810,2000,Tajikistan,TAJ,islam,5878600,0.95,6188000,TJK,8.32432432432438
1811,2005,Tajikistan,TAJ,islam,6507500,0.95,6850000,TJK,6.64429530201309
1812,2010,Tajikistan,TAJ,islam,6692802,0.9,7436448,TJK,6.520681265206782
1817,1995,Uzbekistan,UZB,islam,19967200,0.88,22690000,UZB,-0.9000000062193578
1818,2000,Uzbekistan,UZB,islam,21399840,0.88,24318000,UZB,3.79999999335621
1819,2005,Uzbekistan,UZB,islam,23811970,0.91,26167000,UZB,7.000000004994671
1820,2010,Uzbekistan,UZB,islam,26189329,0.93,28160570,UZB,8.50000000075197
1821,1995,Kazakhstan,KZK,islam,7551000,0.47,16066000,KAZ,-8.20000000220983
1822,2000,Kazakhstan,KZK,islam,7569340,0.4666,16223000,KAZ,9.799999999999981
1823,2005,Kazakhstan,KZK,islam,7750583,0.5117,15147000,KAZ,9.70000000000005
1824,2010,Kazakhstan,KZK,islam,9678983,0.5932,16315848,KAZ,7.29999999999953
1828,1965,Pakistan,PAK,islam,105146730,0.93,113061000,PAK,10.419365822013
1829,1970,Pakistan,PAK,islam,124130072,0.9643,128724000,PAK,11.3534617181882
1830,1975,Pakistan,PAK,islam,67121350,0.9449,71033000,PAK,4.21141563147363
1831,1980,Pakistan,PAK,islam,79277760,0.96,82581000,PAK,10.2157040372709
1832,1985,Pakistan,PAK,islam,92013120,0.9538,96472000,PAK,7.59211469875589
1833,1990,Pakistan,PAK,islam,106633800,0.9487,112404000,PAK,4.45858681509816
1834,1995,Pakistan,PAK,islam,124026804,0.955,129871000,PAK,4.9626091500321206
1835,2000,Pakistan,PAK,islam,149741271,0.9569,156483008,PAK,4.26008801156799
1836,2005,Pakistan,PAK,islam,147326963,0.9569,153960000,PAK,7.66730427146116
1837,2010,Pakistan,PAK,islam,161189415,0.9569,168446576,PAK,1.60669195949077
1838,1975,Bangladesh,BNG,islam,67432694,0.8540000000000001,78961000,BGD,-4.08821409181661
1839,1980,Bangladesh,BNG,islam,77149860,0.87,88678000,BGD,0.8191418688989099
1840,1985,Bangladesh,BNG,islam,87036177,0.8753,99434000,BGD,3.3420146541541405
1841,1990,Bangladesh,BNG,islam,96922495,0.883,109765000,BGD,5.62225816160702
1842,1995,Bangladesh,BNG,islam,105238920,0.8901,118229000,BGD,5.121277897161621
1843,2000,Bangladesh,BNG,islam,115722880,0.8959999999999999,129155000,BGD,5.2932947184604
1844,2005,Bangladesh,BNG,islam,123921312,0.8941,138600000,BGD,6.535944940523518
1845,2010,Bangladesh,BNG,islam,132119746,0.897,147290688,BGD,5.571802273968659
1853,2000,Maldives,MAD,islam,280280,0.98,286000,MDV,3.8458103920346898
1854,2005,Maldives,MAD,islam,288120,0.98,294000,MDV,-13.129053430508304
1855,2010,Maldives,MAD,islam,311056,0.98,317405,MDV,7.26512906840138
1856,1965,Malaysia,MAL,islam,3952400,0.4291,9210000,MYS,7.684863474773039
1857,1970,Malaysia,MAL,islam,5195285,0.5,10390000,MYS,5.98653862992794
1858,1975,Malaysia,MAL,islam,5963000,0.5,11926000,MYS,0.8010680907877231
1859,1980,Malaysia,MAL,islam,6923000,0.503,13764000,MYS,7.44182678381786
1860,1985,Malaysia,MAL,islam,7840500,0.5,15681000,MYS,-1.02525025111724
1861,1990,Malaysia,MAL,islam,10409703,0.586,17764000,MYS,9.00852713975688
1862,1995,Malaysia,MAL,islam,12317727,0.5954,20689000,MYS,9.82908518124923
1863,2000,Malaysia,MAL,islam,13243537,0.5954,22244000,MYS,8.85886817695642
1864,2005,Malaysia,MAL,islam,15480000,0.6,25800000,MYS,5.33213914898454
1865,2010,Malaysia,MAL,islam,17263000,0.61,28300000,MYS,7.424847385927629
1875,1965,Indonesia,INS,islam,83189320,0.787,105708000,IDN,1.08158946626055
1876,1970,Indonesia,INS,islam,94301600,0.8,117877000,IDN,7.554634513942231
1877,1975,Indonesia,INS,islam,101793120,0.78,130504000,IDN,4.977300866695121
1878,1990,Indonesia,INS,islam,151124692,0.8420000000000001,179483008,IDN,7.242131638564639
1879,1995,Indonesia,INS,islam,165377245,0.8359,197841504,IDN,8.220007399034928
1880,2000,Indonesia,INS,islam,179629800,0.8309,216200000,IDN,4.9200677470169
1881,2005,Indonesia,INS,islam,190589900,0.8385,227300000,IDN,5.69257130383384
1882,2010,Indonesia,INS,islam,201550000,0.8399,239960000,IDN,6.22385418062366
1886,1965,Israel,ISR,judaism,2269799,0.8856,2563000,ISR,9.09396559916509
1887,1970,Israel,ISR,judaism,2543099,0.8551,2974000,ISR,7.3073296672578
1888,1975,Israel,ISR,judaism,2959400,0.8566,3455000,ISR,3.24281952260368
1889,1980,Israel,ISR,judaism,3282700,0.8465,3878000,ISR,1.6704416346856998
1890,1985,Israel,ISR,judaism,3517200,0.8309,4233000,ISR,4.03694032056801
1891,1990,Israel,ISR,judaism,3681659,0.7901,4660000,ISR,7.31519918886889
1892,1995,Israel,ISR,judaism,4549500,0.8205,5545000,ISR,6.60292482673906
1893,2000,Israel,ISR,judaism,4914100,0.7904,6217000,ISR,8.16905176362968
1894,2005,Israel,ISR,judaism,5275699,0.7613,6930000,ISR,4.13344637033724
1895,2010,Israel,ISR,judaism,5573299,0.731,7624494,ISR,5.27878452877637
1896,1995,Czech Republic,CZR,noreligion,6818460,0.66,10331000,CZE,6.2214060003983
1897,2000,Czech Republic,CZR,noreligion,6048221,0.5904,10244000,CZE,4.26674135714225
1898,2005,Czech Republic,CZR,noreligion,7014110,0.6854,10234000,CZE,6.53346880592036
1899,2010,Czech Republic,CZR,noreligion,7980000,0.7575,10535111,CZE,2.27342005165725
1912,2000,Estonia,EST,noreligion,760000,0.5444,1396000,EST,10.5680749511053
1913,2005,Estonia,EST,noreligion,842500,0.6259,1346000,EST,9.37371145418146
1914,2010,Estonia,EST,noreligion,925000,0.6903,1339974,EST,2.25907589383118
1915,1975,China,CHN,noreligion,428850560,0.4622,927808000,CHN,8.720000000475121
1916,1980,China,CHN,noreligion,434404805,0.4349,998876992,CHN,7.80669144981401
1917,1985,China,CHN,noreligion,435087488,0.4066,1070174976,CHN,13.4433962264152
1918,1990,China,CHN,noreligion,444546380,0.3848,1155304960,CHN,3.90711389605613
1948,1985,Vietnam,DRV,noreligion,44305280,0.74,59872000,VNM,3.8058556682635496
1949,1990,Vietnam,DRV,noreligion,47687760,0.72,66233000,VNM,5.10091814039046
1950,1995,Vietnam,DRV,noreligion,54082680,0.7329,73793000,VNM,9.54048017490108
1955,1965,Japan,JPN,shinto,74982591,0.7655,97952000,JPN,5.81970787298265
1956,1970,Japan,JPN,shinto,79155350,0.7655,103403000,JPN,0.399050644836521
1957,1975,Japan,JPN,shinto,85409513,0.7655,111573000,JPN,3.09157591618936
1958,1980,Japan,JPN,shinto,89416158,0.7655,116807000,JPN,2.81759120759064
1959,1985,Japan,JPN,shinto,92501136,0.7655,120837000,JPN,5.233380946837911
1960,1990,Japan,JPN,shinto,94522831,0.7655,123478000,JPN,4.892713065749629
1961,1995,Japan,JPN,shinto,96049245,0.7655,125472000,JPN,2.74214032209983
1962,2000,Japan,JPN,shinto,97000000,0.7655,126714000,JPN,2.7796328252636004
1963,2005,Japan,JPN,shinto,107000000,0.8374,127773000,JPN,1.66267040518831
1964,2010,Japan,JPN,shinto,108000000,0.8474,127451704,JPN,4.191739258606701
1969,1965,China,CHN,syncretism,337111044,0.4623,729190976,CHN,16.950000002496
1970,1970,China,CHN,syncretism,356136624,0.4287,830675008,CHN,19.299999996256002
1971,1995,China,CHN,syncretism,475354557,0.3896,1220224000,CHN,10.9492273730684
1972,2000,China,CHN,syncretism,536574366,0.42,1277558016,CHN,8.49150849150834
1973,2005,China,CHN,syncretism,547562373,0.42,1303719936,CHN,11.395775941230399
1974,2010,China,CHN,syncretism,564973194,0.42,1345174272,CHN,10.6361404632298
1988,1965,Singapore,SIN,syncretism,934563,0.4953,1887000,SGP,7.5972412611377695
1989,1970,Singapore,SIN,syncretism,1124392,0.5419,2075000,SGP,13.8856403878401
1990,1975,Singapore,SIN,syncretism,1222020,0.54,2263000,SGP,4.60900508141819
1991,1980,Singapore,SIN,syncretism,1186640,0.52,2282000,SGP,10.0267749049315
1992,1985,Singapore,SIN,syncretism,1167010,0.47,2483000,SGP,-0.6870410627625739
1993,1990,Singapore,SIN,syncretism,1357200,0.45,3016000,SGP,10.044210481060697
1994,1995,Singapore,SIN,syncretism,1525920,0.44,3468000,SGP,7.02804584993588
